zona;ra;local;escola;bairro;endereco;latitude;longitude;n_secoes;eleitores;compareceram;abstencao;brancos;nulos;votos_max;pres_22_FLAVIO BOLSONARO;pres_13_LULA;pres_55_RONALDO CAIADO;pres_14_RENAN SANTOS;pres_70_ESCRITOR AUGUSTO CURY;pres_30_ZEMA;pres_80_SAMARA;pres_16_HERTZ DIAS;pres_27_CLARIANA BARAO;pres_29_RUI COSTA PIMENTA;pres_21_EDMILSON COSTA;pres_35_VETERINÁRIO WILSON GRASSI;pres_28_LEONARDO AVALANCHE (nao totalizado)
1;Plano Piloto (Asa Sul);1015;ESCOLA CLASSE 102 SUL;ASA SUL;SQS 102 AREA ESPECIAL;-15,8033115;-47,8906466;7;2103;;409;51;38;104;791;685;81;45;44;6;4;1;0;0;0;0;0
1;Plano Piloto (Asa Sul);1023;ESCOLA SALESIANA BRASÍLIA;ASA SUL;SHIGS 702 BLOCO C - ENTRADA PELA SEPS 702/902 SUL;-15,80002379;-47,8962682;12;2739;;639;67;36;124;908;928;96;57;40;14;3;2;0;0;1;1;0
1;Plano Piloto (Asa Sul);1139;COLÉGIO ÚNICO 606 SUL;ASA SUL;SGAS 606 CONJUNTO F LOTES 40/44 - L2 SUL;-15,8197839;-47,89296954;9;2431;;473;51;39;121;986;1208;95;67;53;15;0;2;1;1;0;0;0
1;Plano Piloto (Asa Sul);1163;CENTRO DE ENSINO FUNDAMENTAL 214 SUL;ASA SUL;SQS 214 AREA ESPECIAL;-15,8321191;-47,9179576;7;2175;;390;66;37;92;929;640;61;47;49;13;1;0;5;0;0;1;0
1;Plano Piloto (Asa Sul);1198;ESCOLA CLASSE 305 SUL;ASA SUL;SQS 305 AREA ESPECIAL;-15,8082445;-47,8983773;7;1997;;364;49;28;113;623;831;70;35;22;14;4;2;0;0;0;0;0
1;Plano Piloto (Asa Sul);1236;CENTRO EDUCACIONAL LA SALLE SGAS 906;ASA SUL;SGAS 906  CONJUNTO E LOTE 06;-15,807576;-47,9053932;13;3849;;858;99;54;211;1249;1376;120;102;67;20;6;3;1;1;2;1;0
1;Plano Piloto (Asa Sul);1244;ESCOLA PARQUE 313/314 SUL;ASA SUL;EQS 313/314 AREA ESPECIAL;-15,8242489;-47,9208461;10;3193;;601;77;58;106;1375;1181;136;77;49;16;4;1;1;3;1;0;0
1;Plano Piloto (Asa Sul);1287;ESCOLA CLASSE 316 SUL;ASA SUL;SQS 316 AREA ESPECIAL;-15,8304984;-47,9271722;9;2523;;463;54;31;114;1003;784;131;44;48;9;3;0;1;0;0;0;0
1;Plano Piloto (Asa Sul);1309;CENTRO DE ENSINO FUNDAMENTAL 405 SUL;ASA SUL;SQS 405 AREA ESPECIAL;-15,81612813;-47,89220997;8;2597;;401;45;36;185;737;1199;84;58;52;15;3;3;0;1;1;0;0
1;Plano Piloto (Asa Sul);1333;ESCOLA CLASSE 413 SUL;ASA SUL;SQS 413 AREA ESPECIAL;-15,8314228;-47,912907;6;1919;;307;53;42;101;725;854;52;41;29;19;0;1;4;0;1;0;0
1;Plano Piloto (Asa Sul);1341;COLEGIO COR JESU SGAS 615;ASA SUL;SGAS 615  LOTE 110;-15,83792756;-47,9184189;12;3228;;619;98;77;135;1215;1060;110;75;53;9;2;1;2;2;0;0;0
1;Plano Piloto (Asa Sul);1376;CESAS - CEJA ASA SUL C.E.S.A.S. SGAS 602;ASA SUL;SGAS 602 PROJ D;-15,80953238;-47,88230771;13;3782;;744;103;45;168;1199;1432;160;72;77;32;5;0;1;0;0;0;0
1;Plano Piloto (Asa Sul);1384;CEM SETOR LESTE SGAS 611/612;ASA SUL;SGAS 611/612 CONJUNTO E;-15,83124332;-47,90682202;17;4358;;866;109;100;201;1500;1553;157;85;81;16;8;1;2;3;1;1;1
1;Plano Piloto (Asa Sul);1422;UDF SEPS 704/904;ASA SUL;SEPS 704/904 CONJUNTO A;-15,8021768;-47,8999065;19;4829;;1035;95;75;222;1811;1891;168;93;82;22;6;0;1;4;0;1;0
1;Plano Piloto (Asa Sul);1457;CEM ELEFANTE BRANCO SGAS 708/908;ASA SUL;SGAS 708/908 MÓDULOS 25/26 ÁREA ESPECIAL - ALA SUL;-15,80829505;-47,90938591;11;2582;;521;78;24;109;873;931;94;58;41;10;3;1;0;4;0;0;0
1;Plano Piloto (Asa Sul);1899;COLEGIO MARISTA ENSINO MÉDIO SGAS 615;ASA SUL;SGAS 615 MÓDULO C (MARISTÃO);-15,83686153;-47,91680891;19;4728;;933;134;66;232;1654;1652;169;113;88;23;9;3;3;2;1;0;0
1;Plano Piloto (Asa Sul);1902;COLEGIO MARISTA DE BRASILIA SGAS 609;ASA SUL;SGAS 609 MODULO A (MARISTINHA);-15,82534925;-47,90009597;15;3916;;725;100;60;202;1346;1441;119;101;75;19;8;0;2;3;1;0;0
1;Plano Piloto (Asa Sul);1961;UPIS - UNIAO PIONEIRA DE INTEGRACAO SOCIAL SEPS 712/912;ASA SUL;SEPS 712/912 CONJUNTO A;-15,81534232;-47,91618129;17;3556;;747;74;61;135;1321;1127;143;61;76;15;7;0;1;0;0;0;0
1;Plano Piloto (Asa Sul);2003;ESCOLA CLASSE 206 SUL;ASA SUL;SQS 206 AREA ESPECIAL;-15,81637576;-47,89644028;8;2205;;397;52;41;120;721;869;88;38;32;19;1;0;1;3;1;0;0
1;Plano Piloto (Asa Sul);2020;ESCOLA CLASSE 209 SUL;ASA SUL;SQS 209  AREA ESPECIAL;-15,82186231;-47,9028777;7;2267;;406;38;24;81;1043;624;72;40;33;9;3;0;1;1;0;0;0
1;Plano Piloto (Asa Sul);2046;ESCOLA CLASSE 416 SUL;ASA SUL;SQS 416 AREA ESPECIAL;-15,8376833;-47,9220105;8;2308;;409;67;51;116;770;882;85;43;38;7;8;1;0;3;2;0;0
1;Plano Piloto (Asa Sul);2097;CENTRO DE ENSINO FUNDAMENTAL 03 DE BRASILIA SQS 103;ASA SUL;SQS 103 AREA ESPECIAL;-15,8057428;-47,8916713;5;1535;;298;28;32;69;499;733;63;45;56;8;6;1;2;1;0;0;0
1;Plano Piloto (Asa Sul);2100;CENTRO DE ENSINO FUNDAMENTAL 01 DE BRASILIA SQS 106;ASA SUL;SQS 106 AREA ESPECIAL;-15,8128018;-47,8977799;7;2152;;422;50;27;124;727;1064;72;50;44;13;3;0;2;1;0;0;0
1;Plano Piloto (Asa Sul);2143;CENTRO DE ENSINO FUNDAMENTAL 05 DE BRASILIA SQS 408;ASA SUL;SQS 408 AREA ESPECIAL;-15,823245;-47,8997368;7;2271;;392;60;36;132;712;930;86;49;42;9;1;1;0;2;3;0;0
1;Plano Piloto (Asa Sul);2151;UNIP - UNIVERSIDADE PAULISTA SGAS 913;ASA SUL;SGAS 913 S/N CONJUNTO B;-15,81928852;-47,92169139;18;4217;;903;80;60;199;1448;1415;170;100;73;22;4;1;3;0;0;1;0
1;Plano Piloto (Asa Sul);2208;CIL - CENTRO INTERESCOLAR DE LÍNGUAS SGAS 907/908;ASA SUL;SGAS 907/908 MÓDULOS 25/26 - ASA SUL - JUNTO AO CEM ELEF BRANCO;-15,807797;-47,9092152;10;2737;;609;55;38;123;831;1029;103;58;45;7;3;2;1;3;0;0;0
2;Paranoá;1015;ESCOLA CLASSE 01 DO PARANOA;PARANOÁ;QD 26 CJ G LT 01 - AREA ESPECIAL;-15,7645633;-47,77852;16;5335;;1083;199;89;138;2160;1540;185;90;114;4;6;1;1;1;1;3;0
2;Paranoá;1023;ESCOLA CLASSE 02 DO PARANOA;PARANOÁ;QD 30 CJ E LT 17;-15,7640383;-47,7783533;13;4529;;913;160;86;136;1725;1352;196;73;91;6;4;3;1;0;0;1;1
2;Paranoá;1228;ESCOLA CLASSE 03 DO PARANOA;PARANOÁ;QUADRA 17 CONJ. C LOTE 08;-15,7729417;-47,7808233;12;4384;;899;160;59;122;1645;1347;182;69;81;2;0;0;2;0;2;0;0
2;Paranoá;1236;ESCOLA CLASSE 04 DO PARANOA;PARANOÁ;QD 14 CJ F LT 01;-15,7729983;-47,7767967;14;4360;;758;188;71;82;1729;1320;192;78;113;6;2;0;1;0;1;1;1
2;Paranoá;1252;CAIC SANTA PAULINA;PARANOÁ;QUADRA 05 AREA ESPECIAL 01;-15,778065;-47,78422;9;3249;;776;125;61;84;1128;987;103;63;67;3;5;2;5;0;0;1;0
2;Paranoá;1317;ESCOLA CLASSE ALTO INTERLAGOS;PARANOÁ;CHÁCARA INTERLAGOS, N 10A, ALTIPLANO LESTE;-15,8266517;-47,7462317;3;778;;131;35;8;22;271;281;33;21;14;0;0;1;1;0;0;0;0
2;Paranoá;1333;CENTRO DE ENSINO MÉDIO 01 DO PARANOA;PARANOÁ;QUADRA 4 CONJ. A LOTE 05 - PARANOA;-15,7821839;-47,7788924;13;4942;;1069;239;72;262;1922;1421;109;152;142;7;7;2;3;1;1;1;0
2;Paranoá;1341;CENTRO DE ENSINO FUNDAMENTAL 02 DO PARANOA;PARANOÁ;QUADRA 04 CONJ. A LOTE 05;-15,781865;-47,779035;12;4289;;1082;214;54;166;1575;1249;120;94;65;10;5;3;0;0;0;1;1
2;Paranoá;1350;CENTRO EDUCACIONAL DARCY RIBEIRO;PARANOÁ;QUADRA 31 CJ. F  AREA ESPECIAL;-15,7624417;-47,7832917;13;4942;;1078;204;67;184;1982;1364;151;106;106;7;3;3;5;2;2;0;0
2;Paranoá;1368;ESCOLA CLASSE 05 DO PARANOA;PARANOÁ;QUADRA 24 CJ. I AREA ESPECIAL;-15,7667946;-47,7769452;10;2468;;368;106;59;59;1142;769;118;45;69;2;2;0;0;0;1;1;0
2;Paranoá;1430;CENTRO EDUCACIONAL 03 DO PARANOA (ANTIGO CEF 1);PARANOÁ;QUADRA 03 AREA ESPECIAL 06;-15,7788117;-47,7827683;13;4770;;1268;209;86;173;1720;1317;110;107;101;9;6;1;2;0;0;0;0
2;Paranoá;1449;CENTRO DE ENSINO FUNDAMENTAL 01 DO VARJAO;VARJÃO;QD. 07, CJ. D, LT. 02, ÁREA ESPECIAL, VARJÃO;-15,70936;-47,8782383;14;4952;;1138;157;75;159;1845;1573;147;98;88;0;7;2;2;1;0;0;0
2;Paranoá;1465;CENTRO DE ENSINO FUNDAMENTAL 01 DO LAGO NORTE;LAGO NORTE;SHIN QI 04/06 AE LAGO NORTE;-15,7337287;-47,8728742;16;5958;;1185;136;71;223;2147;2017;238;110;95;33;8;8;2;6;4;2;1
2;Paranoá;1473;ESCOLA CLASSE GRANJA DO TORTO;GRANJA DO TORTO;AE S/N GRANJA DO TORTO;-15,7052368;-47,9116468;6;2285;;458;69;44;98;928;632;81;55;49;2;1;1;1;1;1;0;0
2;Paranoá;1481;COLEGIO COC LAGO NORTE;LAGO NORTE;SHIN QL 9/11- AE S/N  LOTE B;-15,7460917;-47,8414167;19;7071;;1174;143;80;337;2640;2476;301;170;152;43;4;3;1;2;3;2;0
2;Paranoá;1490;COLEGIO INDI BIBIA;LAGO NORTE;SHIN QI 3 CONJUNTO D A.E;-15,7299096;-47,8625559;11;4074;;712;84;53;204;1370;1554;168;90;92;28;5;3;0;0;2;1;0
2;Paranoá;1511;CENTRO EDUCACIONAL DO LAGO NORTE;LAGO NORTE;SHIN CA 02 LOTE 24 LAGO NORTE;-15,7182242;-47,8795474;12;4371;;846;114;69;172;1557;1512;169;87;97;17;4;1;2;3;0;2;0
2;Paranoá;1538;COLÉGIO DO SOL;LAGO NORTE;CA 06 LOTE A;-15,7148973;-47,8818407;17;6027;;1122;155;81;261;2249;2150;238;155;132;32;8;3;3;3;0;2;0
2;Paranoá;1546;ESCOLA CLASSE CORA CORALINA;ITAPOÃ;COND. ENTRELAGOS, ROD. DF 250, KM 02;-15,7289587;-47,7500226;7;2480;;436;66;33;84;1077;740;62;50;55;11;6;1;0;0;0;0;0
2;Paranoá;1562;CENTRO SOCIAL JOÃO PAULO II;PARANOÁ;QUADRA 03 ÁREA ESPECIAL LOTE 01;-15,7808989;-47,7840392;7;1631;;269;56;32;38;655;528;68;27;34;4;0;0;1;1;0;0;0
2;Paranoá;1597;ESCOLA CLASSE 01 DO ITAPOÃ;ITAPOÃ;DEL LAGO QUADRA 61 CONJUNTO E ÁREA ESPECIAL;-15,7452417;-47,7695833;14;5606;;1373;221;93;116;2106;1563;160;92;129;9;5;2;4;0;3;2;0
2;Paranoá;1600;ESCOLA CLASSE 02 DO ITAPOÃ;ITAPOÃ;DEL LAGO QD. 378 CONJ. L ÁREA ESPECIAL;-15,7392667;-47,7636367;14;5105;;1261;223;74;129;1855;1501;147;89;83;4;2;2;0;1;2;1;0
2;Paranoá;1619;CENTRO DE ENSINO FUNDAMENTAL DRA. ZILDA ARNS;ITAPOÃ;QUADRA 378, CONJUNTO N, ÁREA ESPECIAL, NÚMERO 2;-15,7394724;-47,7634769;18;7164;;1903;301;96;160;2650;1944;184;138;141;7;5;1;1;0;0;2;0
2;Paranoá;1627;ESCOLA CLASSE SOBRADINHO DOS MELOS;ITAPOÃ;DF 250 - VIA LAGO NORTE - KM 07 - NR;-15,7972067;-47,6939583;2;518;;94;12;8;14;194;176;15;8;11;1;0;0;0;0;0;0;0
2;Paranoá;1635;ESCOLA CLASSE OLHOS D'ÁGUA;TAQUARI;BR-020, CH OLHOS DAGUA 22, TAQUARI;-15,6940583;-47,86432;2;499;;89;16;6;21;203;158;9;14;13;2;1;0;0;1;0;0;0
2;Paranoá;1660;COLÉGIO BARÃO DO RIO BRANCO;ITAPOÃ;DF 250, KM 2,5, CHÁCARA 03, ITAPOÃ;-15,755;-47,76794;6;2275;;474;87;20;100;802;761;62;82;34;4;4;1;1;1;0;1;0
2;Paranoá;1678;ESCOLA CLASSE 06 DO PARANOA;PARANOÁ;QUADRA 33, ÁREA ESPECIAL, MÓDULO G;-15,7580158;-47,7837674;8;2166;;517;82;37;62;836;690;64;46;48;5;3;2;0;0;0;0;0
2;Paranoá;1694;ESCOLA CLASSE 502 DO ITAPOÃ;ITAPOÃ;QUADRA 502 ITAPOÃ PARQUE;-15,7328339;-47,7802985;5;1550;;163;67;27;116;538;620;68;62;41;2;3;0;2;0;0;0;0
2;Paranoá;1716;UNIVERSIDADE DO DISTRITO FEDERAL PROFESSOR JORGE AMAURY MAIA NUNES;LAGO NORTE;SHIN CA 2 - LAGO NORTE;-15,7193883;-47,8804167;8;2719;;417;62;24;117;988;1011;95;70;64;18;3;3;1;2;0;0;0
2;Paranoá;1724;CEP - ESCOLA TÉCNICA LESTE SÉRGIO DAMACENO;PARANOÁ;QUADRA 01 CONJUNTO A/AE 01 PARANOÁ;-15,7803328;-47,7846344;12;3908;;780;159;75;138;1554;1160;115;73;103;3;3;1;3;0;1;0;0
2;Paranoá;1732;CENTRO EDUCACIONAL SANTA CARMEN SALLES;PARANOÁ;QD 2/3 CONJ. COMERCIAL 01 PARANOÁ PARQUE;-15,7690047;-47,7848077;13;4871;;1243;224;86;143;1768;1335;139;113;113;4;2;1;2;0;1;0;0
3;Taguatinga;1333;CENTRO DE ENSINO MÉDIO 05;TAGUATINGA NORTE;QNJ 56 AREA ESPECIAL N. 16;-15,81464244;-48,087799;20;6852;;1124;234;147;419;2921;2040;223;187;133;12;6;4;3;2;0;1;0
3;Taguatinga;1341;CENTRO DE ENSINO ESPECIAL 01;TAGUATINGA NORTE;QNJ 20 AE 12;-15,81683582;-48,08506399;17;2315;;393;69;47;128;955;696;91;51;47;6;6;0;0;0;0;0;0
3;Taguatinga;1350;ESCOLA CLASSE 29;TAGUATINGA NORTE;QNJ 18 AREA ESPECIAL N 10;-15,81478885;-48,08567877;8;1974;;357;75;31;99;787;600;75;42;52;2;2;1;1;0;1;0;0
3;Taguatinga;1376;CENTRO EDUCACIONAL 06;TAGUATINGA NORTE;QNL 1 AREA ESPECIAL N.1;-15,83096519;-48,07879063;20;4654;;753;164;92;209;2072;1352;163;76;105;10;6;2;1;2;0;1;0
3;Taguatinga;1384;CENTRO DE ENSINO FUNDAMENTAL 04;TAGUATINGA NORTE;EQNL 05/07 AREA ESPECIAL;-15,82280762;-48,0831258;14;4500;;708;141;80;299;1989;1307;164;94;104;8;2;1;0;1;0;1;0
3;Taguatinga;1392;CENTRO DE ENSINO FUNDAMENTAL 19;TAGUATINGA NORTE;EQNL 10/12 AREA ESPECIAL 01;-15,8206013;-48,07932305;14;3962;;647;153;77;236;1698;1154;178;82;72;11;3;2;1;1;2;0;1
3;Taguatinga;1406;ESCOLA CLASSE 41;TAGUATINGA NORTE;EQNL 13/15 AREA ESPECIAL 01;-15,8245379;-48,0873923;17;4481;;759;168;89;201;1965;1277;176;78;95;9;4;1;1;0;2;0;0
3;Taguatinga;1414;ESCOLA CLASSE 46;TAGUATINGA NORTE;EQNL 21/23 AREA ESPECIAL 01;-15,81410394;-48,09093747;11;2175;;438;57;41;88;951;569;77;43;34;5;0;0;0;0;1;1;0
3;Taguatinga;1422;CENTRO DE ENSINO FUNDAMENTAL 16;TAGUATINGA NORTE;QNL 22  AE 24;-15,8249228;-48,0907965;10;2946;;632;129;51;97;1328;667;128;49;52;3;2;1;1;0;0;0;0
3;Taguatinga;1430;ESCOLA CLASSE 55;TAGUATINGA NORTE;QNL 28 AREA ESPECIAL 27;-15,8158335;-48,09445;10;2827;;499;97;65;130;1245;758;113;47;52;4;4;1;2;0;0;0;0
3;Taguatinga;1449;ESCOLA CLASSE 42;TAGUATINGA NORTE;EQNM 34/36 AREA ESPECIAL 01;-15,8078723;-48,09557262;17;3679;;609;127;84;118;1676;984;195;32;57;6;3;1;2;0;0;1;0
3;Taguatinga;1457;CEMI TAGUATINGA - CENTRO DE ENSINO MÉDIO INTEGRADO (ANTIGO CED 07);TAGUATINGA NORTE;EQNM 36/38 AREA ESPECIAL;-15,80464201;-48,10020108;15;5512;;942;191;137;309;2441;1519;225;123;86;3;3;2;1;1;6;0;0
3;Taguatinga;1465;CENTRO DE ENSINO FUNDAMENTAL 17;TAGUATINGA NORTE;EQNM 38/40 LOTE A;-15,79641611;-48,10255952;13;4465;;795;167;94;268;1986;1192;164;97;92;7;4;1;1;0;2;1;0
3;Taguatinga;1473;ESCOLA CLASSE 45;TAGUATINGA NORTE;EQNM 40/42  AREA ESPECIAL S/N;-15,79459442;-48,10754132;16;4424;;775;201;116;238;2003;1131;200;61;84;9;7;1;2;1;1;2;1
3;Taguatinga;1520;ESCOLA CLASSE 53;TAGUATINGA NORTE;QNL 16  VIA 02 LOTE 1;-15,831296;-48,0884613;9;2966;;598;149;61;105;1280;760;119;54;56;5;2;1;1;0;0;1;0
3;Taguatinga;1570;ESCOLA CLASSE 50;TAGUATINGA NORTE;EQNL 02/04 AREA ESPECIAL;-15,83140827;-48,07530453;11;3481;;587;149;61;224;1427;1115;141;103;83;9;2;1;1;0;1;1;0
3;Taguatinga;1635;CENTRO DE EDUCAÇÃO INFANTIL 05;TAGUATINGA NORTE;EQNJ 23/25 AREA ESPECIAL;-15,81535354;-48,08171185;5;1730;;281;57;21;104;749;512;74;36;31;3;4;1;0;0;0;0;0
3;Taguatinga;1643;CENTRO DE EDUCAÇÃO INFANTIL 03;TAGUATINGA NORTE;QNM 36 CONJUNTO B-2 LOTE 60 - VILA MUTIRAO;-15,80690199;-48,09789321;9;2978;;686;125;49;185;1202;767;106;71;57;4;4;4;1;0;0;1;0
3;Taguatinga;1651;ESCOLA CLASSE 52;TAGUATINGA NORTE;QNM 38 AREA ESPECIAL;-15,80077136;-48,10210008;4;1286;;223;51;36;70;571;400;51;24;25;0;2;0;0;0;0;0;0
3;Taguatinga;1660;CENTRO DE EDUCAÇÃO INFANTIL 06;TAGUATINGA NORTE;EQNL 17/19 AREA ESPECIAL;-15,8193917;-48,0891348;8;2470;;452;96;59;115;997;703;91;79;64;3;4;1;0;0;0;1;0
4;Santa Maria;1139;ESCOLA CLASSE 116 DE SANTA MARIA;SANTA MARIA;CL 116 LOTE 1-M;-16,00260753;-47,99408318;15;5880;;1136;222;98;135;2419;1618;294;97;131;6;3;0;1;1;1;1;0
4;Santa Maria;1147;ESCOLA CLASSE 203;SANTA MARIA;Q.203 AREA ESPECIAL;-16,03712861;-48,03323289;18;6021;;1199;242;110;140;2345;1759;308;89;93;7;6;1;0;0;2;1;0
4;Santa Maria;1163;CENTRO DE ENSINO MEDIO 417 DE SANTA MARIA;SANTA MARIA;QR 417 LOTE A;-16,01163799;-47,99051126;16;6068;;1279;266;100;265;2350;1671;279;174;122;7;7;5;0;1;1;1;0
4;Santa Maria;1180;CENTRO DE ENSINO FUNDAMENTAL 308 DE SANTA MARIA;SANTA MARIA;CL 308 LOTE 1-B;-16,02691455;-48,02230105;19;6324;;1334;255;107;141;2424;1875;326;81;104;7;4;1;0;1;1;0;0
4;Santa Maria;1252;ESCOLA CLASSE 206 DE SANTA MARIA;SANTA MARIA;CL 206 LOTE 1-C;-16,02618943;-48,03004132;17;5454;;1160;225;98;139;2104;1530;282;108;98;8;3;0;4;1;1;1;0
4;Santa Maria;1457;CENTRO DE ENSINO FUNDAMENTAL SANTOS DUMONT;RESIDENCIAL SANTOS DUMONT;AVENIDA S/N - RESIDENCIAL SANTOS DUMONT- SANTA MARIA;-15,99356493;-47,99762716;18;6614;;1216;196;96;284;3142;1591;235;139;125;16;11;3;0;1;0;0;0
4;Santa Maria;1490;CENTRO DE ENSINO FUNDAMENTAL 201 DE SANTA MARIA;SANTA MARIA;CL 201 LOTE 1 A;-16,04439696;-48,03321465;13;4216;;948;212;82;125;1629;1161;188;75;82;5;3;3;0;0;1;1;0
4;Santa Maria;1503;CENTRO DE ENSINO MEDIO 404 DE SANTA MARIA;SANTA MARIA;CL 404 LOTE A;-16,03388345;-48,0265995;15;5761;;1125;252;118;185;2328;1610;283;124;107;4;0;0;1;1;1;1;0
4;Santa Maria;1511;CENTRO DE ENSINO FUNDAMENTAL 213 DE SANTA MARIA;SANTA MARIA;CL 213 LOTE 01 - G;-16,00848035;-48,00310876;15;5710;;1210;233;105;152;2357;1514;265;92;105;6;7;2;3;0;1;0;0
4;Santa Maria;1520;ESCOLA CLASSE 218 DE SANTA MARIA;SANTA MARIA;CL 218 LOTE 01 F;-16,0071463;-47,98737424;14;5476;;1033;236;96;145;2329;1483;254;87;100;8;1;0;3;0;0;1;0
4;Santa Maria;1554;CENTRO DE ENSINO FUNDAMENTAL 209 DE SANTA MARIA;SANTA MARIA;CL 209 LOTE 1-A;-16,02206862;-48,02406911;12;4270;;934;177;80;113;1721;1111;218;59;93;4;3;2;0;0;2;0;0
4;Santa Maria;1562;CENTRO DE ENSINO FUNDAMENTAL 316 DE SANTA MARIA;SANTA MARIA;CL 316 LOTE 1-A;-16,01105132;-47,99476223;17;5579;;1054;233;96;152;2337;1553;303;98;92;2;3;1;2;1;0;3;0
4;Santa Maria;1570;ESCOLA CLASSE  215 DE SANTA MARIA;SANTA MARIA;CL 215 LOTE A;-16,00668914;-47,99949524;12;4408;;893;187;76;130;1862;1147;190;88;91;6;2;2;0;0;0;2;0
4;Santa Maria;1589;CENTRO DE ENSINO FUNDAMENTAL 103 DE SANTA MARIA;SANTA MARIA;CL 103 LOTE 1-B;-16,03726627;-48,03721253;11;4189;;1017;160;80;123;1583;1117;179;83;79;0;5;0;0;0;1;0;0
4;Santa Maria;1597;CENTRO DE ENSINO GESNER TEIXEIRA;CIDADE NOVA;RUA DAS ADALIAS LOTES 2/6 - DVO - CIDADE NOVA;-16,04869438;-48,04732832;6;1835;;375;119;43;58;766;489;77;37;14;2;3;0;1;0;0;0;0
4;Santa Maria;1619;CENTRO DE ENSINO FUNDAMENTAL 418 DE SANTA MARIA;SANTA MARIA;E/Q 417/418 - 517/518 - LOTE 01;-16,01401109;-47,98610176;10;3134;;606;125;56;93;1271;890;187;43;67;1;5;0;2;0;0;0;0
4;Santa Maria;1627;CENTRO DE ENSINO FUNDAMENTAL 403 DE SANTA MARIA;SANTA MARIA;CL 403 - LOTE 1-A;-16,03781476;-48,02642749;15;5291;;1055;232;126;166;1985;1603;254;93;118;5;4;3;4;0;0;0;0
4;Santa Maria;1635;ESCOLA CLASSE 100 DE SANTA MARIA;SANTA MARIA;QR 100 - CONJUNTO T - AREA ESPECIAL 01;-16,04252145;-48,03871013;12;2967;;552;151;61;84;1214;911;162;39;56;0;4;1;0;0;0;0;0
4;Santa Maria;1651;ESCOLA CLASSE 01 - PORTO RICO;SANTA MARIA;QUADRA 17 - LOTE 14-C - 3 ETAPA - CONDOMINIO PORTO RICO;-16,0350012;-48,01796568;10;3352;;808;184;80;72;1137;1029;139;62;56;2;0;2;1;0;0;1;0
4;Santa Maria;1660;CENTRO EDUCACIONAL 310 DE SANTA MARIA;SANTA MARIA;CL 310 - CONJ H - AREA ESPECIAL;-16,02328951;-48,01642499;15;4599;;868;191;86;99;1880;1334;222;89;95;10;5;3;2;1;0;0;0
4;Santa Maria;1678;UNIDADE DE INTERNAÇÃO DE SANTA MARIA - UISM;SANTA MARIA;NÚCLEO RURAL ALAGADOS, RA 8;-16,01592288;-48,02323747;1;76;;5;1;0;1;20;47;2;0;0;0;0;0;0;0;0;0;0
4;Santa Maria;1686;CENTRO EDUCACIONAL 416 DE SANTA MARIA;SANTA MARIA;EQ 416/516 LT A - SANTA MARIA;-16,01619824;-47,99331311;10;3347;;692;173;82;123;1370;927;167;97;57;6;4;1;3;0;0;0;0
4;Santa Maria;1694;COLÉGIO PALOMA;SANTA MARIA;QR 307, CONJUNTO V, LOTE 02;-16,02664514;-48,02577335;3;953;;203;44;17;21;362;278;35;30;11;2;2;0;0;0;0;0;0
5;Sobradinho;1023;CENTRO DE ENSINO FUNDAMENTAL 01;SOBRADINHO;QUADRA 02 C/D LOTE F;-15,6577075;-47,7929366;11;3552;;620;94;57;103;1400;1170;119;80;63;13;9;4;2;1;0;0;0
5;Sobradinho;1058;ESCOLA CLASSE 15;SOBRADINHO;QUADRA 3 AREA ESPECIAL 1/2;-15,6523248;-47,8088442;19;5502;;941;135;109;131;2177;1809;226;89;102;9;5;5;4;2;0;0;0
5;Sobradinho;1066;CENTRO DE ENSINO MEDIO 01 - GINÁSIO;SOBRADINHO;QUADRA 04 AREA ESPECIAL 4;-15,653202;-47,7988157;22;7035;;1207;194;109;253;2772;2312;222;182;169;14;10;6;1;1;3;0;1
5;Sobradinho;1074;CENTRO EDUCACIONAL 03 - CCM;SOBRADINHO;QUADRA 5 AREA ESPECIAL 5;-15,649807;-47,8121445;19;6613;;1240;215;95;165;2668;1986;252;165;140;8;9;5;4;0;1;1;0
5;Sobradinho;1082;CENTRO DE ENSINO FUNDAMENTAL 03;SOBRADINHO;QUADRA 6 AREA ESPECIAL 3;-15,6509245;-47,7994102;13;4838;;1007;123;85;114;1978;1352;190;113;86;8;4;1;2;0;0;1;0
5;Sobradinho;1104;ESCOLA CLASSE 05;SOBRADINHO;QUADRA 9 AREA ESPECIAL 05;-15,6403672;-47,8023068;14;4455;;811;125;63;105;1835;1412;125;70;70;3;7;4;1;0;0;0;0
5;Sobradinho;1112;CENTRO DE ENSINO FUNDAMENTAL 05;SOBRADINHO;QUADRA 10 RUA 4 AREA ESPECIAL 4/5;-15,643776;-47,7975928;17;5170;;932;161;74;137;2066;1621;190;109;111;4;5;1;2;1;1;1;1
5;Sobradinho;1139;CENTRO DE ENSINO MÉDIO 02;SOBRADINHO;QUADRA 12 AREA ESPECIAL 5;-15,6442759;-47,7857812;18;6164;;1263;140;103;152;2380;1849;227;138;128;12;7;2;2;0;1;1;2
5;Sobradinho;1163;CENTRO DE ENSINO ESPECIAL Nº 01;SOBRADINHO;QUADRA 14 AREA ESPECIAL RUA 5;-15,6504436;-47,779049;6;1783;;333;43;28;52;714;536;61;54;36;5;2;4;0;0;3;0;0
5;Sobradinho;1171;CENTRO DE ENSINO FUNDAMENTAL 04;SOBRADINHO;QUADRA 15 AREA ESPECIAL 2;-15,6462419;-47,7786456;18;5575;;1019;159;94;132;2228;1744;218;91;109;7;6;1;2;0;0;0;0
5;Sobradinho;1309;ESCOLA CLASSE CATINGUEIRO;SOBRADINHO;DF 205 OESTE KM 13 ESTRADA SECUNDARIA;-15,5637179;-47,9353593;2;348;;83;9;2;3;145;93;18;1;4;0;0;0;0;0;0;0;0
5;Sobradinho;1317;ESCOLA CLASSE CORREGO DO OURO;SOBRADINHO;DF 205 FAZENDA CORREGO DO OURO;-15,5133411;-47,9228547;2;230;;59;1;4;0;104;42;13;4;2;1;0;0;0;0;0;0;0
5;Sobradinho;1341;CENTRO EDUCACIONAL FERCAL;SOBRADINHO;DF 205 OESTE KM 19 FERCAL;-15,590643;-47,8809464;9;2585;;539;97;48;10;1255;516;95;32;43;1;5;0;1;1;0;0;0
5;Sobradinho;1350;ESCOLA CLASSE ENGENHO VELHO;SOBRADINHO;ROD DF 150 KM 12 CD ENGENHO VELHO;-15,6017029;-47,8696009;5;1650;;294;47;17;17;824;375;57;18;31;3;6;0;0;0;0;0;0
5;Sobradinho;1368;ESCOLA CLASSE SANTA HELENA;SOBRADINHO;DF 001 GRANJA SANTA HELENA;-15,7067981;-47,7990062;3;983;;166;34;13;39;399;320;38;34;19;0;1;0;0;0;0;0;0
5;Sobradinho;1406;ESCOLA CLASSE 13 AR 05;SOBRADINHO II;AR 05 AREA ESPECIAL 1;-15,6402763;-47,8245668;9;3029;;495;85;43;47;1259;955;117;58;73;2;2;1;1;0;0;0;0
5;Sobradinho;1422;CENTRO DE ENSINO FUNDAMENTAL PROF CARLOS MOTA;SOBRADINHO II;RODOVIA DF-01 KM 13 RUA 8 CHACARA 187-LAGO OESTE;-15,6179175;-47,9507214;8;2727;;571;112;41;101;917;991;88;45;51;2;0;2;0;1;2;0;0
5;Sobradinho;1430;CAIC JULIA KUBITSCHEK;SOBRADINHO II;AR 13 CONJUNTO 3 AREA ESPECIAL 01;-15,6436451;-47,8235527;8;2826;;559;95;32;51;1220;786;105;47;50;2;0;0;1;0;1;1;0
5;Sobradinho;1473;CENTRO INTERESCOLAR DE LINGUAS -CIL;SOBRADINHO;QUADRA 11 AREA RESERVADA 01;-15,6443098;-47,7880365;10;3285;;571;83;68;111;1245;1098;104;100;62;8;8;3;6;0;1;0;0
5;Sobradinho;1490;ESCOLA CLASSE BOA VISTA;SOBRADINHO;ROD DF 205 OESTE KM 06 COMUNIDADE BOA VISTA;-15,5883554;-47,9224318;4;1137;;235;33;13;5;578;198;55;14;21;1;1;0;0;0;0;0;0
5;Sobradinho;1503;CENTRO EDUCACIONAL LA SALLE;SOBRADINHO;QUADRA 14 AREA ESP. LOTES 24/27;-15,6511918;-47,7819324;16;4417;;703;136;88;114;1893;1376;151;108;106;18;4;1;0;2;0;2;0
5;Sobradinho;1511;CENTRO DE ENSINO SANTA RITA DE CASSIA;SOBRADINHO;QUADRA 09 AREA RESERVADA 2;-15,6428661;-47,8029933;9;2763;;536;76;37;79;1191;767;80;66;68;7;6;3;0;1;0;2;0
5;Sobradinho;1520;ESCOLA CLASSE 14;SOBRADINHO II;AR 19 CONJUNTO 07 LOTE 01;-15,6435025;-47,8161995;8;2422;;436;81;40;35;1025;704;94;45;44;6;4;1;0;0;0;0;0
5;Sobradinho;1538;CENTRO DE ENSINO MÉDIO 04;SOBRADINHO II;AR 10 CONJUNTO 09 LOTE 01;-15,6462903;-47,8259894;15;4950;;867;158;76;97;2166;1404;170;80;117;4;1;4;1;0;0;0;0
5;Sobradinho;1546;CENTRO DE EDUCAÇÃO INFANTIL 01;SOBRADINHO;QUADRA 02  AREA ESPECIAL;-15,6604784;-47,8051094;6;1808;;292;32;30;34;777;601;73;34;41;3;2;0;1;0;0;0;0
5;Sobradinho;1554;CENTRO DE ENSINO FUNDAMENTAL 07;SOBRADINHO II;AR 13 CONJUNTO 05 LOTE 01;-15,6442923;-47,8250411;13;4060;;800;143;59;76;1716;1132;137;70;75;4;2;2;0;0;0;1;1
5;Sobradinho;1597;ESCOLA CLASSE MORRO DO SANSAO;SOBRADINHO;FAZENDA SOBRADINHO PROX. AO POLO DE CINEMA;-15,6195777;-47,8232482;2;329;;55;13;4;10;119;119;13;3;13;1;0;0;0;0;0;1;0
5;Sobradinho;1600;CENTRO DE EDUCAÇÃO INFANTIL 03;SOBRADINHO;QUADRA 16 AREA ESPECIAL D/1;-15,647359;-47,7744047;7;2093;;393;86;42;74;855;637;65;41;48;3;5;1;1;0;0;0;0
5;Sobradinho;1619;ESCOLA CLASSE 12;SOBRADINHO;QUADRA 01 AREA ESPECIAL SETOR DE INDUSTRIA;-15,6599451;-47,8082256;8;2297;;452;62;41;72;874;729;65;66;55;8;3;1;0;1;0;0;0
5;Sobradinho;1627;ESCOLA CLASSE 11;SOBRADINHO;QUADRA 11 AREA ESPECIAL;-15,6457086;-47,7884907;4;983;;197;26;15;39;380;301;27;35;19;1;2;0;1;0;0;0;0
5;Sobradinho;1635;ESCOLA CLASSE 10;SOBRADINHO;QUADRA 02 CONJUNTO B/C LOTE E;-15,6590755;-47,7969761;7;2002;;359;49;29;54;734;695;82;28;43;4;5;2;0;0;0;0;0
5;Sobradinho;1643;INSTITUTO EDUCACIONAL SANTO ELIAS;SOBRADINHO;QUADRA 11 AREA RESERVADA 3;-15,6455873;-47,7875945;6;2076;;387;54;34;70;830;601;86;55;58;3;6;0;0;1;0;0;0
5;Sobradinho;1651;ESCOLA CLASSE 04;SOBRADINHO;QUADRA 15 AREA ESPECIAL 02;-15,6461774;-47,7776654;7;2223;;379;58;38;67;863;746;76;48;48;3;3;1;1;0;0;0;0
5;Sobradinho;1660;CENTRO DE ENSINO FUNDAMENTAL 08;SOBRADINHO II;AR 03 LOTE 04 AREA ESP. ST OESTE;-15,6394373;-47,8281354;13;4145;;812;120;57;78;1727;1200;116;98;95;6;4;1;0;0;0;2;0
5;Sobradinho;1686;ESCOLA CLASSE BASEVI;SOBRADINHO;DF 001 KM 6 VILA BASEVI;-15,6458387;-47,8894314;5;1349;;291;49;46;34;491;424;41;19;15;1;2;1;1;0;0;0;0
5;Sobradinho;1694;ESCOLA CLASSE CORREGO DO ARROZAL;NÚCLEO RURAL CÓRREGO DO ARROZAL;BR 020 KM 13/14 NUCLEO RURAL CORREGO DO ARROZAL;-15,6455733;-47,7350368;3;757;;194;31;56;3;231;244;15;9;8;0;1;0;0;0;0;1;0
5;Sobradinho;1716;ESCOLA CLASSE 16 DE SOBRADINHO - NOVA COLINA;SOBRADINHO;CONDOMINIO NOVO SETOR DE MANSÕES - ÁREA ESPECIAL;-15,6491864;-47,7548303;10;3431;;677;103;54;42;1367;1037;126;55;72;8;9;1;1;1;0;0;0
5;Sobradinho;1732;ESCOLA CLASSE 17 VILA RABELO;SOBRADINHO;AV CENTRAL AE VILA RABELO;-15,6233996;-47,8474333;7;2277;;478;82;47;34;826;743;50;49;49;0;7;0;2;0;1;1;0
5;Sobradinho;1740;ESCOLA CLASSE RUA DO MATO;SOBRADINHO;DF 150 KM 11 CHACARA 4 ESTRADA DA FERCAL;-15,6111681;-47,8771436;3;809;;169;28;7;7;337;221;35;10;19;2;1;1;0;0;0;0;0
5;Sobradinho;1767;UNIPROJEÇÃO;SOBRADINHO;ST.DE IND. DE SOB., QUADRA 02, RUA B, LOTES 01 A 06;-15,6610234;-47,8070675;8;2572;;448;50;32;104;1015;868;89;67;57;5;4;1;0;0;1;1;0
5;Sobradinho;1775;CENTRO DE ENSINO FUNDAMENTAL 09 - ANTIGO COER;SOBRADINHO II;AR 13 CONJ 1 AREA ESPECIAL 3;-15,6427965;-47,8211182;10;3098;;717;76;61;64;1229;852;99;44;58;4;1;2;1;0;0;0;0
5;Sobradinho;1783;ESCOLA CLASSE 01;SOBRADINHO;QUADRA 6 AREA ESPECIAL 1 RUA 5;-15,6497557;-47,7986038;5;1458;;251;35;28;75;513;531;31;56;39;4;2;1;0;0;0;1;0
5;Sobradinho;1805;CENTRO DE EDUCAÇÃO NERY LACERDA - CENEL;SOBRADINHO II;SH MANSÕES SOBRADINHO CONDOMÍNIO MINI-CHÁCARAS ES 11B - SOBRADINHO;-15,6368976;-47,8445617;9;2957;;712;109;52;96;1079;857;81;109;77;1;4;3;2;2;0;1;0
5;Sobradinho;1813;INSTITUTO PEDAGOGICO CRESCER;SOBRADINHO;BR 020 KM 2 COND. GRAN VILLE, LOTE 9;-15,6823533;-47,8416513;3;701;;117;13;14;25;281;246;33;50;16;3;2;1;2;0;0;3;0
5;Sobradinho;1821;CENTRO DE ENSINO FUNDAMENTAL QUEIMA LENÇOL;SOBRADINHO;SITIO PATRICIA DF 325 KM 8/9 LOBERAL ZONA RURAL;-15,5892351;-47,8435587;4;1047;;317;30;13;7;420;225;30;21;18;0;0;0;0;0;0;0;0
5;Sobradinho;1848;EDUCANDÁRIO - INSTITUTO VITÓRIA-RÉGIA;SOBRADINHO;QUADRA 04, ÁREA ESPECIAL 03;-15,6552027;-47,7965887;13;3529;;642;62;71;117;1468;1042;122;103;69;14;2;0;1;1;1;1;0
5;Sobradinho;1856;CEI 02 - CENTRO DE EDUCAÇÃO INFANTIL 02;SOBRADINHO;QUADRA 03, ÁREA ESPECIAL S/N;-15,6515647;-47,8087454;9;2823;;497;77;46;86;1083;932;105;87;68;10;5;5;0;0;0;0;0
6;Planaltina;1015;ESCOLA CLASSE PARANA;PLANALTINA;EQ 01/02 LOTE H-SRL;-15,6150939;-47,6456287;11;2786;;517;78;50;45;1083;889;135;26;48;2;2;0;0;0;0;0;0
6;Planaltina;1031;CENTRO DE ENSINO FUNDAMENTAL 08 DE PLANALTINA;PLANALTINA;EQ 03/04 LOTE H-SRL;-15,6215753;-47,6458244;11;2964;;480;81;42;41;1257;948;97;38;56;0;1;0;0;1;0;1;0
6;Planaltina;1058;ESCOLA CLASSE 06;PLANALTINA;EQ 05/06 LOTE G-SRL;-15,6272598;-47,6467261;11;3276;;612;88;39;65;1314;1034;124;39;49;2;4;0;3;1;2;0;0
6;Planaltina;1066;ESCOLA CLASSE 01;PLANALTINA;AV. INDEPENDÊNCIA 102;-15,6259208;-47,6549988;12;2985;;509;80;56;63;1242;904;132;44;52;7;0;1;1;0;0;1;0
6;Planaltina;1074;ESCOLA CLASSE 05;PLANALTINA;AV. CONTORNO Q. 17-VILA VICENTINA;-15,6314189;-47,6543138;10;3141;;466;84;55;51;1399;938;129;53;56;7;1;0;0;0;1;1;0
6;Planaltina;1082;CENTRO DE ENSINO FUNDAMENTAL 02;PLANALTINA;AV. SÃO PAULO QD 52 LOTE B;-15,6220472;-47,6571091;14;5012;;897;121;62;121;2205;1447;190;72;92;5;2;2;1;0;0;1;0
6;Planaltina;1120;CENTRO DE ENSINO FUNDAMENTAL 04 (CCMDF) ;PLANALTINA;SETOR EDUCACIONAL LOTE C/D;-15,6219376;-47,6518493;8;2682;;554;101;47;71;1126;745;89;47;48;3;0;0;0;0;0;1;0
6;Planaltina;1139;CENTRO DE ENSINO MÉDIO 01;PLANALTINA;SETOR EDUCACIONAL LOTES A/B;-15,6210448;-47,6519476;16;5121;;1009;148;82;130;2078;1517;192;103;85;6;7;0;1;1;0;1;0
6;Planaltina;1171;ESCOLA CLASSE ETA 44;PLANALTINA;BR 020 KM 18 NUCLEO EXPERIMENTAL EMBRAPA;-15,592915;-47,72961;2;496;;92;10;10;7;208;151;16;8;5;0;0;0;0;0;0;0;0
6;Planaltina;1201;ESCOLA CLASSE  MESTRE D'ARMAS;PLANALTINA;DF 130 DF 150 KM 18 VALE DO AMANHECER;-15,6722781;-47,6465551;11;3160;;721;121;47;61;1042;1093;104;42;53;4;1;1;0;1;1;0;0
6;Planaltina;1210;ESCOLA CLASSE MONJOLO;PLANALTINA;BR 020 DF 335 FAZENDA MONJOLO;-15,5380399;-47,6863545;2;416;;75;12;6;2;196;111;15;4;3;0;0;0;0;0;0;0;0
6;Planaltina;1228;CENTRO EDUCACIONAL TAQUARA;PLANALTINA;BR 020 DF 019 NUCLEO RURAL TAQUARA;-15,6335225;-47,5220033;5;1677;;358;67;21;19;709;424;84;18;32;4;0;0;0;0;0;0;0
6;Planaltina;1252;CENTRO DE ENSINO FUNDAMENTAL PIPIRIPAU II;PLANALTINA;BR 020 DF 365 DF 017 NUCLEO RURAL PIPIRIPAU;-15,535118;-47,5116613;3;943;;239;29;8;6;335;291;37;5;10;1;0;1;1;0;0;0;0
6;Planaltina;1279;CENTRO DE ENSINO FUNDAMENTAL  SÃO JOSÉ;PLANALTINA;DF 250 NUCLEO RURAL SÃO JOSÉ;-15,7041284;-47,3737588;2;662;;156;24;12;0;242;162;57;12;6;2;0;0;0;0;0;0;0
6;Planaltina;1287;ESCOLA CLASSE ALTAMIR;PLANALTINA;DF 128 KM 8 BICA DO DER;-15,6331857;-47,6810095;5;1690;;333;53;19;24;708;484;52;21;31;1;1;0;2;0;0;0;0
6;Planaltina;1295;ESCOLA CLASSE SANTOS DUMONT;PLANALTINA;DF 130 KM 18-NÚCLEO RURAL SANTOS DUMONT;-15,6789755;-47,6482619;5;1058;;246;44;13;17;324;363;43;20;16;3;0;0;1;0;1;0;0
6;Planaltina;1325;CENTRO DE ENSINO MÉDIO 02;PLANALTINA;SETOR EDUCACIONAL LOTES J/L;-15,6213902;-47,6541004;11;3464;;558;114;51;102;1532;985;115;102;77;3;4;0;0;1;0;1;0
6;Planaltina;1376;CENTRO EDUCACIONAL 03;PLANALTINA;EQ 02/03 SETOR RESIDENCIAL NORTE;-15,6031073;-47,6504313;13;3647;;664;150;76;138;1482;1058;144;81;83;7;3;1;1;1;1;0;1
6;Planaltina;1406;CENTRO DE ENSINO FUNDAMENTAL  03;PLANALTINA;EQ 10/20 CONJ H LOTE 01-BURITIS II;-15,6160377;-47,6404689;12;3179;;619;132;38;90;1266;989;105;48;63;5;5;0;0;0;0;0;1
6;Planaltina;1422;CENTRO DE ENSINO FUNDAMENTAL JK;PLANALTINA;BR 020 MOD. 07 LOTES 16/19-COND. MESTRE DARMAS;-15,6013983;-47,6877967;8;2932;;646;99;54;73;933;1059;94;46;40;3;2;0;0;0;0;0;0
6;Planaltina;1481;CENTRO EDUCACIONAL VARZEAS;PLANALTINA;DF 120 NÚCLEO RURAL TABATINGA;-15,8207079;-47,5704657;3;952;;183;32;8;5;465;214;30;16;15;0;0;0;0;0;0;0;0
6;Planaltina;1490;CENTRO DE ENSINO FUNDAMENTAL RIO PRETO;PLANALTINA;DF 320 NÚCLEO RURAL RIO PRETO;-15,7627558;-47,4929937;2;528;;100;26;6;4;242;123;30;8;7;0;0;0;0;0;0;0;0
6;Planaltina;1520;CENTRO DE ENSINO FUNDAMENTAL NOSSA SENHORA DE FÁTIMA;PLANALTINA;AREA ESPECIAL 01 VNS DE FATIMA;-15,6032645;-47,6580015;9;3391;;595;114;50;104;1468;1063;109;61;75;6;5;1;0;0;0;1;1
6;Planaltina;1546;ESCOLA TÉCNICA DE SAÚDE DE PLANALTINA;PLANALTINA;ENTRE AV. CONTORNO/AV. INDEPENDÊNCIA - SETOR HOSPITALAR;-15,6251747;-47,654247;6;1281;;197;34;19;24;549;389;54;24;26;1;0;0;1;1;0;0;0
6;Planaltina;1554;CAIC ASSIS CHATEAUBRIAND;PLANALTINA;AREA ESPECIAL 04 SRL;-15,617899;-47,6420315;11;3566;;778;119;50;102;1352;1093;101;89;70;1;3;1;0;0;0;0;0
6;Planaltina;1562;CENTRO EDUCACIONAL ESTÂNCIA III - CCMDF;PLANALTINA;MODULO 01 RUA 01/16-ESTÂNCIA III;-15,6177302;-47,6868318;7;2443;;663;107;44;64;795;738;67;55;54;3;3;0;2;0;1;1;0
6;Planaltina;1570;CENTRO DE ENSINO FUNDAMENTAL ARAPOANGA;PLANALTINA;ÁREA ESPECIAL COND. ARAPOANGA;-15,6403618;-47,6406832;14;3776;;729;125;86;54;1541;1088;140;53;72;4;3;0;0;1;1;0;1
6;Planaltina;1589;ESCOLA CLASSE 03;SETOR RESIDENCIAL LESTE;Q.1/2 PROJEÇÃO G-SRL;-15,6151217;-47,645835;9;2703;;433;76;39;68;1214;792;97;55;43;2;2;3;0;1;1;0;0
6;Planaltina;1597;ESCOLA CLASSE 04;SETOR RESIDENCIAL LESTE;EQ 3/4 PROJEÇÃO G SRL;-15,6212766;-47,6462519;10;2666;;419;85;37;59;1180;782;106;46;56;6;0;0;0;1;0;0;1
6;Planaltina;1600;ESCOLA CLASSE 07;PLANALTINA;QUADRA 45 BAIRRO NOSSA SRA FÁTIMA;-15,64195;-47,6636655;7;2407;;578;85;32;33;921;680;77;32;34;3;3;0;2;0;0;0;0
6;Planaltina;1619;ESCOLA CLASSE 09;SETOR RESIDENCIAL NORTE;LOTE 01 VIA WL 01-AREA ESPECIAL 1-SRN;-15,6103141;-47,6449204;4;1031;;161;28;18;16;433;309;49;20;33;0;0;0;0;0;0;0;0
6;Planaltina;1635;CENTRO DE EDUCAÇÃO INFANTIL 02 - CEI02;JARDIM RORIZ;EQ 4/5 SETOR RESIDENCIAL NORTE;-15,6035936;-47,6459977;10;3600;;605;127;65;110;1577;992;157;73;68;5;4;2;0;0;0;0;0
6;Planaltina;1643;ESCOLA CLASSE 13;JARDIM RORIZ;EQ 6/7 SETOR RESIDENCIAL NORTE;-15,6034189;-47,6429285;7;2501;;444;74;42;69;1128;662;110;45;42;2;1;3;0;0;0;0;0
6;Planaltina;1651;ESCOLA CLASSE 14;SETOR RESIDENCIAL LESTE;QD 13 CONJ A LT 01 BURITIS III;-15,6141543;-47,6320436;11;3377;;555;134;61;56;1442;993;134;67;62;3;3;0;0;0;0;0;0
6;Planaltina;1660;ESCOLA CLASSE APRODARMAS;PLANALTINA;FAZENDA MESTRE DARMAS;-15,6641096;-47,6575022;2;642;;143;24;6;16;246;194;21;13;10;0;0;0;0;0;0;0;0
6;Planaltina;1678;ESCOLA CLASSE ESTÂNCIA;PLANALTINA;DF 14 LT 63/67 COND. ESTÂNCIA PLANALTINA;-15,6054854;-47,6702384;12;3544;;636;140;76;58;1472;1050;150;42;72;8;4;2;0;0;0;1;0
6;Planaltina;1686;CENTRO EDUCACIONAL OSORIO BACCHIN;PLANALTINA;GLEBA G LOTE 22 NÚCLEO RURAL JARDIM MORUMBI;-15,526964;-47,6303791;3;903;;200;52;13;6;340;280;33;12;8;2;0;0;0;0;0;0;0
6;Planaltina;1694;ESCOLA CLASSE RAJADINHA;PLANALTINA;DF 006 NÚCLEO RURAL RAJADINHA;-15,7536174;-47,6507215;3;1058;;225;26;11;7;436;300;44;14;13;0;1;0;0;0;0;0;0
6;Planaltina;1716;CENTRO EDUCACIONAL STELLA DOS CHERUBINS GUIMARÃES TROIS;PLANALTINA;RUA HUGO LOBO QD 97 AREA ESPECIAL;-15,6304164;-47,6598169;12;4341;;786;135;63;126;1949;1151;146;117;73;6;3;2;4;2;0;0;0
6;Planaltina;1759;ESCOLA CLASSE VALE DO SOL;PLANALTINA;COND VALE DO SOL DF 134 AREA ESPECIAL LT 1/6;-15,6543992;-47,651493;5;1467;;273;58;30;28;568;465;49;41;22;2;1;0;0;0;0;0;0
6;Planaltina;1813;CENTRO DE ENSINO FUNDAMENTAL 01;PLANALTINA;SETOR EDUCACIONAL LT M;-15,6227858;-47,6541973;6;2409;;489;60;31;40;1021;654;87;46;49;2;2;0;1;0;1;0;0
6;Planaltina;1821;CENTRO DE ENSINO ESPECIAL 01;PLANALTINA;SETOR EDUCACIONAL LT 01;-15,6197937;-47,653967;2;712;;238;18;7;24;249;249;19;16;17;2;1;0;0;0;0;0;0
6;Planaltina;1856;CENTRO EDUCACIONAL VALE DO AMANHECER;VALE DO AMANHECER;AE 03 LOTE 01-VILA PACHECO;-15,679987;-47,6566362;10;3805;;979;184;53;94;1224;1168;127;86;101;0;3;1;2;0;3;0;0
6;Planaltina;1864;CENTRO EDUCACIONAL POMPILIO MARQUES DE SOUZA;PLANALTINA;COND. MESTRE D'ARMAS MOD 1 LOTE 13;-15,5989317;-47,6831567;13;5012;;1026;203;107;130;1924;1548;155;117;100;6;4;1;4;2;0;2;0
6;Planaltina;1872;ESCOLA CLASSE 01 DO ARAPOANGA;ARAPOANGA;EQ 15/16 CONJ. I AREA ESPECIAL-ARAPOANGA;-15,6396075;-47,6363768;14;4809;;1001;193;77;105;1912;1332;187;116;91;3;10;0;1;0;3;1;0
6;Planaltina;1880;ESCOLA CLASSE 16;ESTANCIA MESTRE D'ARMAS;COND. NOVA PLANALTINA Q. 01 RUA A ÁREA ESPECIAL;-15,6191583;-47,6812732;15;5575;;1157;202;91;108;2072;1800;156;97;118;7;4;1;1;0;1;2;0
6;Planaltina;1899;CENTRO EDUCACIONAL DONA AMÉRICA GUIMARÃES;ARAPOANGA;Q. 10K CONJ.C - ÁREA ESPECIAL - ST. HAB. ARAPOANGA;-15,6403865;-47,6292368;17;6492;;1642;265;86;148;2469;1715;182;160;121;9;6;4;5;0;1;1;0
6;Planaltina;1910;ESCOLA CLASSE 15;PLANALTINA;ESTÂNCIA NOVA PLANALTINA QUADRA 01 ÁREA ESPECIAL;-15,61861;-47,684985;13;4384;;973;168;65;59;1630;1371;122;54;91;3;3;2;1;0;1;0;0
6;Planaltina;1929;CENTRO DE ENSINO FUNDAMENTAL 02 DO ARAPOANGA;ARAPOANGA;EM FRENTE A QUADRA 21, CONJ F  ÁREA ESPECIAL-ARAPOANGA;-15,6364131;-47,6327637;9;3161;;689;121;39;54;1200;956;103;56;54;2;2;0;0;0;0;0;0
6;Planaltina;1937;CENTRO EDUCACIONAL DELTA;SETOR RESIDENCIAL LESTE;QUADRA 01 CONJ. F LOTES 21/31;-15,6135436;-47,6455712;9;3062;;529;87;44;108;1287;892;133;83;63;2;1;0;1;0;0;0;0
6;Planaltina;1945;UNIDADE DE INTERNAÇÃO DE PLANALTINA;PLANALTINA;LOTES 44/45 BAIRRO NOSSA SENHORA DE FÁTIMA;-15,6406056;-47,6644473;1;36;;4;2;3;0;6;23;0;0;0;0;0;0;1;0;0;0;0
8;Ceilândia;1325;ESCOLA CLASSE 06;CEILANDIA NORTE;EQNM 04/06                                         ;-15,810895;-48,110455;18;4878;;950;236;77;292;2000;1446;179;58;93;7;3;1;0;1;0;0;0
8;Ceilândia;1341;CENTRO DE ENSINO FUNDAMENTAL 20 (C ENSINO 20);CEILANDIA NORTE;EQNM 08/10;-15,80122;-48,1166533;19;5488;;1110;267;104;338;2161;1636;212;97;100;2;1;0;0;1;0;1;0
8;Ceilândia;1350;ESCOLA CLASSE 27;CEILANDIA NORTE;EQNN 07/09                                               ;-15,80289;-48,1196067;9;2785;;569;136;53;164;1079;875;94;32;52;1;3;1;0;0;0;1;0
8;Ceilândia;1406;CENTRO DE ENSINO FUNDAMENTAL 35 (EC 07);CEILANDIA NORTE;EQNN 01/03;-15,8179512;-48,1120289;18;4795;;1026;206;118;246;1774;1473;162;82;102;3;1;1;1;1;0;4;0
8;Ceilândia;1422;ESCOLA CLASSE 08;CEILANDIA NORTE;EQNN 05/07                                   ;-15,8083483;-48,11725;14;4046;;833;177;97;202;1539;1247;161;49;70;6;4;1;2;0;0;0;0
8;Ceilândia;1430;ESCOLA CLASSE 28;CEILANDIA NORTE;EQNN 17/19                                               ;-15,8204652;-48,1179437;9;2053;;369;90;49;89;917;592;98;23;33;5;0;0;1;0;0;0;0
8;Ceilândia;1457;CENTRO EDUCACIONAL 07;CEILANDIA NORTE;QNN 13;-15,811905;-48,1186667;5;1450;;311;87;21;176;485;483;44;64;29;1;1;0;0;0;0;0;0
8;Ceilândia;1465;CENTRO DE ENSINO FUNDAMENTAL Mª DO ROSARIO G.SILVA;CEILANDIA NORTE;EQNN 21/23;-15,8098917;-48,1228517;14;3637;;714;167;72;230;1394;1123;131;64;66;3;1;3;2;0;0;0;0
8;Ceilândia;1473;CENTRO DE ENSINO FUNDAMENTAL 10 (C ENSINO 10);CEILANDIA NORTE;EQNN 23/25;-15,805225;-48,1250967;14;5157;;1180;242;117;361;1853;1543;181;124;100;5;5;0;0;0;2;0;0
8;Ceilândia;1490;CENTRO EDUCACIONAL 11 (CENTRO DE ENSINO 23);CEILANDIA NORTE;EQNP 05/01 - SETOR P NORTE;-15,8228731;-48,1250636;16;4646;;767;182;115;204;2014;1332;215;44;85;5;5;1;1;0;0;0;0
8;Ceilândia;1708;ESCOLA CLASSE 29;CEILANDIA NORTE;EQNN 19/21;-15,815495;-48,1209;10;2923;;591;144;57;184;1144;849;110;52;70;2;2;1;2;0;0;1;0
8;Ceilândia;1716;ESCOLA CLASSE 26;CEILANDIA NORTE;EQNN 03/05;-15,8123238;-48,1144316;5;1570;;318;73;29;77;613;475;53;28;39;1;2;0;0;0;0;0;0
8;Ceilândia;1740;ESCOLA CLASSE 10;CEILANDIA NORTE;EQNM 02/04;-15,8153067;-48,1076083;9;3270;;667;146;64;228;1338;938;113;54;55;2;0;0;2;0;0;1;0
8;Ceilândia;1759;ESCOLA CLASSE 11;CEILANDIA NORTE;EQNM 06/08 ;-15,8054685;-48,1130448;7;1995;;446;85;26;95;765;588;75;30;42;2;3;0;0;0;0;0;0
8;Ceilândia;1791;CENTRO DE ENSINO FUNDAMENTAL 25 (CENTRO EDUCACIONAL 05);CEILANDIA NORTE;QNP 09 - SETOR P NORTE;-15,8150392;-48,1280781;20;7500;;1664;395;133;545;2907;2090;261;185;171;2;5;3;2;0;0;0;0
8;Ceilândia;1805;ESCOLA CLASSE 39;CEILANDIA NORTE;EQNP 15/11 - SETOR P NORTE                         ;-15,8138583;-48,133085;15;4273;;710;164;119;186;1832;1260;163;55;79;6;2;2;4;1;0;1;0
8;Ceilândia;1813;ESCOLA CLASSE 35;CEILANDIA NORTE;EQNP 13/09 - SETOR P NORTE;-15,8122267;-48,1291883;16;5985;;1121;258;157;400;2404;1804;229;106;124;4;5;2;0;0;1;2;0
8;Ceilândia;1821;ESCOLA CLASSE 40;CEILANDIA NORTE;EQNP 11/07 - SETOR P NORTE;-15,8193483;-48,1304483;13;3903;;650;171;75;118;1608;1249;178;48;47;3;1;0;0;0;0;0;0
8;Ceilândia;1830;ESCOLA CLASSE 36;CEILANDIA NORTE;EQNP 05/09;-15,8178025;-48,1269999;10;3760;;759;152;81;206;1577;1034;118;53;80;5;2;0;3;0;1;1;0
8;Ceilândia;1848;INSTITUTO DE ENSINO SUPERIOR DE BRASÍLIA-IESB;CEILANDIA NORTE;QNN 31 ÀREA ESPECIAL, B,C,D E;-15,8102126;-48,1250718;15;3000;;563;115;60;196;1185;981;133;56;61;6;4;2;1;0;0;1;0
8;Ceilândia;1856;CENTRO DE ENSINO MEDIO 03;CEILANDIA SUL;QNM 13  A.E;-15,826584;-48,0986715;14;4719;;999;234;96;405;1924;1270;157;142;99;8;4;1;1;0;0;1;0
8;Ceilândia;1864;ESCOLA CLASSE 02;CEILANDIA SUL;EQNM 19/21                                                ;-15,8234917;-48,0956796;11;3126;;638;138;52;148;1317;888;93;41;49;5;4;0;2;1;0;1;2
8;Ceilândia;1872;ESCOLA CLASSE 20;CEILANDIA SUL;EQNN 02/04                                        ;-15,8226408;-48,1083818;10;3267;;581;123;56;210;1435;923;120;60;54;5;2;0;1;2;0;1;0
8;Ceilândia;1880;ESCOLA CLASSE 01;CEILANDIA SUL;EQNM 23/25                                               ;-15,833682;-48,0915634;8;2694;;486;111;59;215;1109;779;119;61;56;3;3;0;0;1;0;0;0
8;Ceilândia;1899;CENTRO DE ENSINO FUNDAMENTAL 02;CEILANDIA SUL;EQNM 01/03;-15,8215017;-48,104945;13;3116;;646;129;62;251;1278;892;102;42;64;3;2;1;1;0;0;0;0
8;Ceilândia;1902;ESCOLA CLASSE 19;CEILANDIA SUL;EQNM 07/09;-15,8357217;-48,0972967;6;1114;;228;52;16;93;487;346;55;22;27;2;1;0;0;0;1;0;0
8;Ceilândia;1910;ESCOLA CLASSE 64 (ESCOLA NORMAL DE CEILÂNDIA);CEILANDIA SUL;EQNM 17/19;-15,8180267;-48,0987533;9;2644;;438;92;60;155;1258;693;95;50;60;7;0;0;3;1;1;0;1
8;Ceilândia;1929;ESCOLA CLASSE 12;CEILANDIA NORTE;EQNM 20/22;-15,8072782;-48,1049873;8;2241;;442;93;41;130;994;565;90;36;47;2;2;2;0;0;0;2;1
8;Ceilândia;1937;ESCOLA CLASSE 18;CEILANDIA SUL;EQNM 03/05;-15,8260537;-48,1026771;5;1130;;231;45;20;65;446;326;48;13;28;3;2;0;0;0;0;0;1
8;Ceilândia;1945;CENTRO EDUCACIONAL 02;CEILANDIA NORTE;QNM 14;-15,8070969;-48,1091737;11;2641;;568;107;58;201;1000;837;99;60;54;4;2;1;1;0;0;1;0
8;Ceilândia;1953;ESCOLA CLASSE 13;CEILANDIA NORTE;EQNM 24/26;-15,7981133;-48,11162;6;1903;;343;79;26;100;824;518;92;28;47;1;1;0;1;0;0;0;0
8;Ceilândia;1961;ESCOLA CLASSE 15;CEILANDIA SUL;EQNN 08/10                                                ;-15,8374033;-48,10026;11;3930;;679;147;81;303;1680;1149;164;60;70;9;4;0;0;0;0;2;0
8;Ceilândia;1970;ESCOLA CLASSE 21;CEILANDIA SUL;EQNN  04/06                                         ;-15,8276812;-48,1056689;13;4776;;828;147;84;305;2075;1329;203;79;108;7;9;2;0;0;1;1;0
8;Ceilândia;1988;CENTRO DE ENSINO 16;CEILANDIA NORTE;EQNM 22/24                                              ;-15,8030354;-48,1084511;14;4804;;984;198;75;338;1963;1339;173;95;112;4;4;1;1;1;1;0;0
8;Ceilândia;1996;ESCOLA CLASSE 22;CEILANDIA SUL;EQNN 06/08                                        ;-15,83327;-48,1037733;11;3592;;629;124;70;184;1506;1048;168;47;71;5;0;1;2;0;1;0;0
8;Ceilândia;2003;ESCOLA CLASSE 03;CEILANDIA NORTE;EQNM 18/20                                          ;-15,81277;-48,102185;16;3248;;630;151;54;217;1402;890;112;34;61;5;3;1;3;1;0;2;0
8;Ceilândia;2011;CENTRO DE ENSINO FUNDAMENTAL 07;CEILANDIA SUL;EQNM 05/07;-15,8304531;-48,0994864;19;6001;;1257;239;131;405;2414;1687;227;115;108;6;3;1;3;0;0;1;0
8;Ceilândia;2020;CENTRO DE ENSINO FUNDAMENTAL 04;CEILANDIA SUL;EQNM 21/23;-15,8286283;-48,0948433;13;4199;;827;169;99;292;1764;1179;148;79;73;4;3;0;1;5;1;1;0
9;Guará;1015;ESCOLA CLASSE 1;GUARA I;QE 03 AE;-15,8141079;-47,9750302;10;3093;;534;92;55;136;1193;1070;108;38;57;7;5;4;2;0;1;0;0
9;Guará;1023;ESCOLA CLASSE 2;GUARA I;QE 2 AE 'A';-15,8143927;-47,9840135;10;2009;;398;54;32;79;750;670;73;25;42;3;1;2;1;1;0;1;0
9;Guará;1031;CENTRO DE ENSINO FUNDAMENTAL 1;GUARA I;QE 4 AE J;-15,812801;-47,9882993;16;5625;;1048;161;88;294;2047;1892;206;145;132;12;4;3;3;0;1;0;0
9;Guará;1040;CENTRO EDUCACIONAL 4;GUARA I;QE 09 AE 'D';-15,8207803;-47,9753415;14;3467;;595;93;54;176;1340;1186;127;66;59;10;4;2;0;0;0;1;2
9;Guará;1058;CENTRO ENSINO MEDIO 01  DO GUARA - CEM (GG);GUARA I;QE 07 AE 'M';-15,8184699;-47,9806652;19;5113;;911;178;104;307;1911;1725;161;133;132;12;9;4;2;1;3;1;0
9;Guará;1066;CENTRO DE ENSINO FUNDAMENTAL 4;GUARA I;QE 12 AE 'A';-15,8183116;-47,9878611;20;5525;;1010;189;135;268;2052;1873;186;109;119;11;6;2;0;1;3;0;0
9;Guará;1074;ESCOLA CLASSE 5;GUARA I;QE 20 AE 'K';-15,8231639;-47,9820433;9;2118;;345;70;34;110;937;625;76;48;37;5;3;3;1;0;0;0;0
9;Guará;1082;CENTRO DE ENSINO FUNDAMENTAL 2;GUARA I;QE 7 AE 'Q';-15,8157465;-47,9778545;11;2630;;459;74;50;135;1013;897;78;57;51;6;4;2;0;0;2;1;0
9;Guará;1112;CENTRO DE ENSINO FUNDAMENTAL 8;GUARA II;EQ 13/15  AE 'B';-15,8274982;-47,9782363;17;5437;;1007;160;103;220;2087;1741;219;107;116;9;9;3;3;2;2;2;1
9;Guará;1120;CENTRO EDUCACIONAL 3;GUARA II;EQ 17/19 AE 'A';-15,8395321;-47,9761001;25;8562;;1405;267;142;416;3180;2974;343;205;218;30;13;4;4;2;0;0;1
9;Guará;1139;ESCOLA CLASSE 6;GUARA II;EQ 24/26 AE 'A';-15,8303061;-47,9841851;14;4895;;855;137;82;224;1975;1570;177;89;98;13;3;4;1;2;1;1;0
9;Guará;1147;ESCOLA CLASSE 08 (ANTIGO CEF 07);GUARA II;EQ 28/30 AE 'A';-15,8401073;-47,9799553;21;6781;;1219;181;114;237;2665;2179;251;113;168;25;11;2;2;3;0;0;0
9;Guará;1155;CENTRO DE ENSINO FUNDAMENTAL 5;GUARA II;EQ 32/34 LT 'B' - AE;-15,843127;-47,973542;10;3562;;740;111;63;144;1315;1133;127;79;64;7;3;5;1;0;2;0;0
9;Guará;1163;CENTRO EDUCACIONAL 1;GUARA II;EQ 34/36 AE 'B';-15,8430721;-47,9682061;15;5210;;874;165;87;236;2072;1698;186;115;108;18;6;4;0;1;2;0;0
9;Guará;1171;ESCOLA CLASSE 7;GUARA II;QE 38 CONJ. 'D' AE 12;-15,8477112;-47,9700132;5;1673;;399;72;30;53;697;425;40;27;36;1;2;0;2;0;0;0;0
9;Guará;1180;CENTRO DE ENSINO FUNDAMENTAL 10;GUARA II;QE 46 AE 05;-15,8503024;-47,9630981;6;2058;;420;66;51;84;848;532;76;51;47;4;2;1;2;1;0;1;0
9;Guará;1198;ESCOLA CLASSE 3;GUARA I;QE 7 LT 'J' AREA ESPECIAL;-15,8189543;-47,979433;10;1580;;252;53;32;88;735;763;76;52;65;7;5;5;1;2;0;0;0
9;Guará;1210;CENTRO DE ENSINO ESPECIAL 1;GUARA I;QE 20 LT 'A' AREA ESPECIAL;-15,8189916;-47,9861144;6;2034;;403;56;44;128;765;645;74;42;40;9;4;1;1;1;0;0;0
9;Guará;1236;COLEGIO ROGACIONISTA;GUARA II;AREA ESPECIAL 08 MODULO B;-15,8458876;-47,9715021;20;7037;;1209;244;134;347;2806;2197;254;187;177;20;11;1;8;0;2;0;0
9;Guará;1244;COLEGIO ELITE (ANTIGO JK);GUARA I;QE 08 AREA ESPECIAL 1;-15,8122871;-47,9897449;17;3889;;626;113;86;180;1482;1314;151;95;93;19;5;0;1;0;0;0;0
9;Guará;1260;ESCOLA CLASSE VILA ESTRUTURAL;CIDADE ESTRUTURAL;PRACA CENTRAL;-15,7815647;-47,9972183;14;3944;;882;166;64;68;1745;956;137;64;80;7;5;1;0;0;1;2;0
9;Guará;1279;CENTRO ENSINO EDUCACIONAL 01 - VILA ESTRUTURAL(MILITAR);CIDADE ESTRUTURAL;SETOR CENTRAL  AE 03 - VILA ESTRUTURAL;-15,7831808;-47,9974577;20;7032;;1590;263;114;113;3070;1621;219;158;133;6;8;1;5;0;1;1;0
9;Guará;1287;COLEGIO PROJEÇÃO;GUARA I;QE 20 AREA ESPECIAL 'E';-15,8200694;-47,9835477;14;4274;;729;124;68;254;1725;1345;156;102;95;18;7;4;1;0;0;3;0
9;Guará;1295;FACULDADE PROJEÇÃO- PERTO TERMINAL RODOVIARIO GUARA II;GUARA II;AREA ESPECIAL 10 LOTE C;-15,8397918;-47,9661877;15;4263;;803;140;79;169;1875;1612;183;113;113;21;9;3;2;0;0;1;0
9;Guará;1309;ESCOLA CLASSE 02 - VILA ESTRUTURAL;CIDADE ESTRUTURAL;QD 03 CJ 'A' AE 06 - VILA ESTRUTURAL;-15,7827818;-47,9993817;14;4194;;829;176;82;59;1895;1003;145;74;73;6;7;0;2;0;1;1;0
9;Guará;1317;CILG -CENTRO INTERESCOLAR DE LINGUAS;GUARA I;QE 07 AE 'Q' (AO LADO DO CEF 02);-15,816085;-47,9784248;11;2994;;512;88;53;166;1071;1068;113;69;74;9;6;1;1;0;0;1;0
9;Guará;1325;CENTRO EDUCACIONAL INFANTIL 01 DA VILA ESTRUTURAL;CIDADE ESTRUTURAL;QUADRA 03 AE 01 SETOR NORTE;-15,7791057;-47,9942411;9;2508;;506;122;51;27;1099;625;90;32;50;3;0;0;1;1;0;1;0
9;Guará;1333;CENTRO DE ENSINO FUNDAMENTAL 02 - VILA ESTRUTURAL;CIDADE ESTRUTURAL;QD 02 AE CONJUNTO 01/02;-15,7861862;-47,9891637;20;6800;;1917;286;106;150;2678;1564;146;175;123;1;14;0;1;0;0;2;0
9;Guará;1341;COLEGIO ROGACIONISTA - INFANTIL NUCLEO 01;GUARA II;EQ 34/34 LOTE D;-15,8425233;-47,9735058;8;2770;;565;84;43;122;1002;902;96;65;58;7;4;1;3;0;0;0;0
9;Guará;1368;ESCOLA  CLASSE 03  (ANTIGO PADRE DI FRANCIA);GUARA II;QE 42 AE 01;-15,8464229;-47,9667669;4;1565;;279;52;34;74;634;482;56;34;30;2;0;1;0;0;0;0;0
9;Guará;1384;ESCOLA TÉCNICA DO GUARÁ - CEPAG / GUARÁ II;GUARA II;EQE 19/17 - LOTE A - GUARÁ II;-15,8388896;-47,9767626;8;2449;;408;82;54;161;864;862;94;83;66;13;5;1;1;0;0;1;0
9;Guará;1406;COLEGIO OBJETIVO DO GUARA;GUARA II;QE 38 AREA ESPECIAL 8 LOTE C;-15,8463567;-47,9708567;20;6096;;973;205;132;277;2454;1950;225;162;150;27;9;5;3;2;2;0;0
9;Guará;1414;CPP - CENTRO DE PROGRESSÃO PENITENCIÁRIA;ZONA INDUSTRIAL;SIA, TRECHO 04, LOTES 1600/1680;-15,800813;-47,9661094;1;21;;3;1;1;1;12;6;0;1;0;0;0;0;0;0;0;0;0
9;Guará;1449;COLEGIO LICEU GUARA;GUARA II;SRIA QE 48 CL 2 LOTE 3/4 - GUARÁ 2;-15,8549928;-47,9731235;10;2851;;507;74;41;75;1185;856;105;58;67;11;2;0;0;0;0;1;0
10;Núcleo Bandeirante;1023;ESCOLA CLASSE 4;NUCLEO BANDEIRANTE;2 AV ENTREBLOCOS 440/540;-15,8675429;-47,9651679;8;2751;;456;88;43;129;1224;820;80;52;47;8;2;2;1;0;0;1;0
10;Núcleo Bandeirante;1031;COLEGIO LA SALLE;NUCLEO BANDEIRANTE;2 AVENIDA  AREA ESPECIAL 11 - NÚCLEO BANDEIRANTE;-15,8688463;-47,9672048;18;6375;;1230;164;91;246;2753;1732;254;150;108;14;12;1;4;1;2;1;0
10;Núcleo Bandeirante;1040;CENTRO DE EDUCACAO INFANTIL DO NÚCLEO BANDEIRANTE;NUCLEO BANDEIRANTE;2A AV. ENTREBLOCOS 960/1040;-15,8700203;-47,9709461;7;2467;;468;72;50;79;1029;692;83;56;65;5;1;3;1;0;1;0;0
10;Núcleo Bandeirante;1058;ESCOLA CLASSE 5;NUCLEO BANDEIRANTE;2 AV ENTREBLOCOS 1400/1500;-15,8731336;-47,9760738;6;2028;;352;77;41;71;887;596;71;43;42;2;0;0;0;0;0;1;0
10;Núcleo Bandeirante;1066;CENTRO DE ENSINO FUNDAMENTAL 1;NUCLEO BANDEIRANTE;AV CONTORNO AE 07 -NÚCLEO BANDEIRANTE ;-15,8766267;-47,9765639;13;4361;;829;125;85;174;1755;1284;169;95;95;8;6;1;1;2;0;2;0
10;Núcleo Bandeirante;1074;CENTRO EDUCACIONAL AGROURBANO IPÊ;RIACHO FUNDO II;COMBINADO AGROURBANO I (CAUB I) IPE/RIACHO FUNDO;-15,947407;-48,0147929;5;1838;;340;57;25;53;735;580;69;23;33;4;0;0;0;0;1;0;1
10;Núcleo Bandeirante;1090;CENTRO DE ENSINO MÉDIO URSO BRANCO;NUCLEO BANDEIRANTE;3  AVENIDA AREA ESPECIAL 04 - NÚCLEO BANDEIRANTE;-15,8718537;-47,9691361;15;5675;;1144;188;98;242;2273;1651;199;152;110;13;9;5;7;2;0;0;0
10;Núcleo Bandeirante;1104;ESCOLA CLASSE 3;NUCLEO BANDEIRANTE;3 AVENIDA AE 06 LOTES H/N;-15,8744;-47,9739816;8;1855;;322;54;43;71;877;648;78;39;52;4;3;1;3;0;1;0;0
10;Núcleo Bandeirante;1120;CENTRO DE ENSINO FUNDAMENTAL 01 (ANTIGO CENTRO EDUCACIONAL);CANDANGOLANDIA;SPMS QR 1 CONJUNTO G LOTE 59 -PRÊDIO DA RIEGIONAL DE ENSINO;-15,85421967;-47,95453806;12;2911;;484;91;56;64;1341;795;149;49;70;6;1;0;0;1;1;1;0
10;Núcleo Bandeirante;1139;ESCOLA CLASSE 02 DA CANDANGOLÂNDIA (ANTIGA ZOOBOTANICA);CANDANGOLANDIA;EQ 02/03  AE - CANDANGOLÂNDIA;-15,85250036;-47,95172217;9;3076;;562;73;48;80;1339;859;130;52;50;5;3;0;1;1;1;0;0
10;Núcleo Bandeirante;1147;CENTRO DE ENSINO FUNDAMENTAL METROPOLITANA;NUCLEO BANDEIRANTE;RUA 01 LOTE 06 METROPOLITANA;-15,8816041;-47,9748552;9;3286;;646;117;63;99;1340;927;123;64;85;12;1;1;0;0;0;0;0
10;Núcleo Bandeirante;1155;CENTRO EDUCACIONAL  VARGEM BONITA;NUCLEO BANDEIRANTE;NUCLEO HABIT. SUL-AE 01 LOT F-PROX  Q17  PARK WAY VARGEM BONITA 71750;-15,9343474;-47,9404904;16;5851;;1023;157;67;204;2399;1800;239;123;105;32;4;1;4;2;1;3;0
10;Núcleo Bandeirante;1163;ESCOLA CLASSE AGROVILA II;RIACHO FUNDO II;EPCT DF 001 - SENTIDO GAMA/TAGUAT-CAUB II -;-15,9391166;-48,0344853;4;1173;;178;51;27;21;596;329;54;20;28;1;1;0;0;0;1;0;0
10;Núcleo Bandeirante;1171;CENTRO DE ENSINO MÉDIO 1 DO RIACHO FUNDO I;RIACHO FUNDO;QUADRA 14 LOTE A;-15,8881341;-48,01412246;15;5636;;1081;215;129;238;2519;1409;191;118;136;9;6;0;1;0;0;0;0
10;Núcleo Bandeirante;1198;CENTRO DE ENSINO TELEBRASILIA;RIACHO FUNDO;QN 01 LOTE 01/02 - RIACHO FUNDO I;-15,87949366;-48,0059076;7;2677;;579;88;43;75;1163;651;96;44;57;9;4;0;1;0;0;0;0
10;Núcleo Bandeirante;1201;ESCOLA CLASSE 1 CANDANGOLANDIA;CANDANGOLANDIA;EQ 05/07, AREA ESPECIAL -CANDANGOLÂNDIA;-15,84803495;-47,95132255;9;2479;;396;73;43;71;1121;692;122;49;34;4;3;0;2;0;0;0;0
10;Núcleo Bandeirante;1210;CENTRO EDUCACIONAL 02  RIACHO FUNDO I;RIACHO FUNDO;QN 07 AE 1/2;-15,88360667;-48,01980089;14;5284;;1036;183;98;165;2361;1368;166;92;102;15;2;2;0;0;0;1;0
10;Núcleo Bandeirante;1228;CENTRO EDUCACIONAL INFANTIL DA CANDANGOLANDIA;CANDANGOLANDIA;QR 1-A, PRAÇA DO BOSQUE;-15,85611945;-47,95192969;8;2881;;505;66;48;91;1253;808;115;59;67;4;1;3;3;1;0;1;0
10;Núcleo Bandeirante;1236;CENTRO DE ENSINO FUNDAMENTAL 01 DO RIACHO FUNDO II;RIACHO FUNDO II;QN 07 LOTE D AREA ESPECIAL 1/2 - RIACHO FUNDO II;-15,9020411;-48,0479073;12;4566;;852;182;84;250;1860;1317;154;136;84;1;3;6;4;0;1;1;0
10;Núcleo Bandeirante;1244;ESCOLA CLASSE 1 DO RIACHO FUNDO II;RIACHO FUNDO II;QC 4 CONJ 18 LOTE 2;-15,9154129;-48,0467568;13;4974;;874;202;89;216;2037;1460;212;124;107;3;9;3;0;1;0;0;0
10;Núcleo Bandeirante;1252;CENTRO DE EDUCACAO INFANTIL DO RIACHO FUNDO II;RIACHO FUNDO II;QN 14A CONJ 07 AE 1/2;-15,895685;-48,0510031;13;4746;;943;192;94;172;1986;1297;175;99;89;5;8;3;0;0;1;0;0
10;Núcleo Bandeirante;1260;ESCOLA CLASSE VERDE DO RIACHO FUNDO I;RIACHO FUNDO;SHRF E/Q 2/4 LOTE A QS 4;-15,88445799;-48,01454636;6;1996;;380;83;34;91;944;593;48;70;60;1;5;1;0;0;2;1;0
10;Núcleo Bandeirante;1279;JARDIM DE INFANCIA 1 DO RIACHO FUNDO II;RIACHO FUNDO II;QN 8-C AE 01;-15,9020433;-48,0448537;9;3321;;602;131;82;92;1483;865;130;61;68;2;4;0;1;0;0;0;0
10;Núcleo Bandeirante;1295;ESCOLA SALESIANA SAO DOMINGOS SAVIO;NUCLEO BANDEIRANTE;3 AVENIDA AE 5 LOTE A/F- NÚCLEO BANDEIRANTE ;-15,8724719;-47,9704508;15;5106;;836;134;89;192;2212;1448;192;142;126;18;6;0;3;1;0;0;0
10;Núcleo Bandeirante;1309;COLEGIO ISAAC NEWTON;RIACHO FUNDO;QN 07 AREA ESPECIAL 11 RIACHO FUNDO I;-15,8809575;-48,0207708;10;3431;;654;124;64;99;1632;787;116;83;65;8;2;1;1;1;0;1;0
10;Núcleo Bandeirante;1317;ESCOLA CLASSE 2 DO RIACHO FUNDO II;RIACHO FUNDO II;QN 14 CONJUNTO D LOTE A;-15,8963686;-48,0495314;10;3751;;624;150;78;143;1669;1013;146;98;71;10;5;1;2;0;0;0;0
10;Núcleo Bandeirante;1325;CENTRO EDUCATIVO PASSIONISTA MÃE DA SANTA ESPERANÇA;RIACHO FUNDO;QN 05 AE 02 - RIACHO FUNDO I;-15,87925067;-48,01784149;13;4503;;824;143;82;151;2057;1171;141;102;82;7;6;2;0;0;0;0;0
10;Núcleo Bandeirante;1333;CENTRO DE ENSINO MÉDIO - JULIA KUBITSCHEK;CANDANGOLANDIA;QRO A AE 01;-15,85308797;-47,94649453;8;2909;;535;89;56;119;1208;846;105;56;69;2;4;0;2;3;1;0;0
10;Núcleo Bandeirante;1341;CENTRO DE ENSINO FUNDAMENTAL LOBO GUARA;RIACHO FUNDO II;QS 08 AE 02 - RIACHO FUNDO II;-15,9380559;-48,0391799;12;4604;;899;204;100;183;1910;1300;153;97;81;4;4;0;2;3;0;0;0
10;Núcleo Bandeirante;1350;CENTRO ENSINO MEDIO 01 RFII (ANTIGO CED 01 RFII);RIACHO FUNDO II;QS 18 AE 02 RIACHO FUNDO II;-15,9487078;-48,03257;10;3770;;735;193;78;177;1560;1017;150;116;76;2;3;2;0;0;1;0;0
10;Núcleo Bandeirante;1368;ESCOLA CLASSE 02 DO RIACHO FUNDO I;RIACHO FUNDO;QN 05 ÁREA ESPECIAL 07 - RIACHO FUNDO I;-15,88206322;-48,01574415;3;1148;;239;38;26;51;483;314;31;25;20;1;2;0;0;0;0;0;0
10;Núcleo Bandeirante;1384;CENTRO DE EDUCAÇÃO INFANTIL 01 - RF I;RIACHO FUNDO;QN 07, AE 10, RIACHO FUNDO I;-15,8800282;-48,021823;10;3856;;826;144;80;152;1679;944;127;80;94;5;4;2;0;0;1;0;0
10;Núcleo Bandeirante;1392;INSTITUTO FEDERAL DE BRASÍLIA - CAMPUS RIACHO FUNDO;RIACHO FUNDO;AVENIDA CEDRO, AE 15, QS 16, FAZENDA SUCUPIRA- RIACHO FUNDO I;-15,88089774;-48,00862143;5;1925;;334;88;37;127;761;617;50;59;55;5;4;1;0;0;0;0;0
10;Núcleo Bandeirante;1406;COLÉGIO EDUCANDÁRIO DE FÁTIMA;RIACHO FUNDO II;QN 14B CONJ 6 LOTES 19/20 RIACHO FUNDO II;-15,8979151;-48,0488697;5;1930;;389;91;34;118;731;554;64;74;48;2;3;2;2;0;1;0;0
10;Núcleo Bandeirante;1414;CIL-CENTRO INTERESCOLAR DE LINGUAS DO RIACHO FUNDO I;RIACHO FUNDO;QS 14, AREA ESPECIAL A;-15,88876224;-48,01506948;10;3243;;645;111;59;99;1441;849;111;56;57;7;6;0;1;1;0;0;0
10;Núcleo Bandeirante;1422;CAIC JUSCELINO KUBITSCHEK DO NUCLEO BANDEIRANTE;SETOR DE MANSOES PARK WAY;PARK WAY TRECHO 2 QD. 6;-15,8773047;-47,9626477;2;651;;103;29;8;37;281;169;23;36;13;3;3;0;0;0;0;1;0
11;Cruzeiro;1015;CENTRO DE ENSINO MÉDIO INTEGRADO DO CRUZEIRO - CEMI DO CRUZEIRO;CRUZEIRO VELHO;SRES AREA ESPECIAL F, LOTE G, CRUZEIRO VELHO;-15,7834978;-47,9378899;14;4004;;714;120;65;210;1626;1621;170;101;82;16;4;1;1;5;4;2;0
11;Cruzeiro;1031;CENTRO DE ENSINO FUNDAMENTAL 01;CRUZEIRO VELHO;SRES Q 01, LOTE 05, AREA ESPECIAL, CRUZEIRO VELHO;-15,7847405;-47,9369438;20;5906;;1025;158;113;256;2269;1973;219;133;136;21;6;7;2;1;2;0;0
11;Cruzeiro;1040;CENTRO DE ENSINO FUNDAMENTAL ATHOS BULCÃO;CRUZEIRO NOVO;SHCES Q. 309, LOTE 01, AREA ESPECIAL, CRUZEIRO NOVO;-15,7937506;-47,9417131;19;5705;;1035;157;112;305;2098;2011;192;142;81;18;7;5;3;1;1;0;0
11;Cruzeiro;1058;ESCOLA CLASSE 05;CRUZEIRO NOVO;SHCES Q 201/203, ÁREA ESPECIAL, CRUZEIRO NOVO;-15,7985008;-47,9433675;10;2888;;482;74;49;136;1086;1015;105;61;65;9;1;1;1;0;0;1;0
11;Cruzeiro;1074;ESCOLA CLASSE 04;CRUZEIRO NOVO;SHCES Q. 407, ÁREA ESPECIAL, CRUZEIRO NOVO;-15,7959628;-47,9416442;10;2953;;485;73;51;138;1167;988;96;73;66;6;2;4;0;1;0;0;0
11;Cruzeiro;1082;ESCOLA CLASSE 06;CRUZEIRO NOVO;SHCES Q 807,  ÁREA ESPECIAL, CRUZEIRO NOVO;-15,7943023;-47,9378112;15;4496;;840;111;99;173;1748;1460;150;80;93;15;8;1;0;1;0;0;0
11;Cruzeiro;1090;ESCOLA CLASSE 08;AREA OCTOGONAL SUL;AOS 06/08,  ÁREA ESPECIAL, OCTOGONAL;-15,8031503;-47,9449744;18;5756;;878;151;89;236;2234;1998;254;123;125;32;6;0;3;2;0;4;0
11;Cruzeiro;1104;ESCOLA CLASSE DA VILA DO RCG;SETOR MILITAR COMPLEMENTAR;VILA DO RCG, RUA C, ÁREA ESPECIAL, S/N;-15,7621437;-47,9498084;4;1081;;209;29;15;21;650;151;41;33;11;7;1;0;0;1;0;1;0
11;Cruzeiro;1112;ESCOLA CLASSE SMU;SETOR MILITAR URBANO;QRO, AREA ESPECIAL, SETOR MILITAR URBANO;-15,7748486;-47,9311058;8;2402;;501;70;34;67;1405;318;64;41;21;8;2;1;0;1;1;1;0
11;Cruzeiro;1120;CENTRO EDUCACIONAL 02;CRUZEIRO NOVO;SHCES Q 805, LOTE 02,  ÁREA ESPECIAL, CRUZEIRO NOVO;-15,7963466;-47,938137;20;6236;;1116;195;112;304;2454;2033;222;133;124;11;7;5;2;1;1;0;2
11;Cruzeiro;1139;MAPLE BEAR ( ANTIGO CANDANGUINHO - CECAN );SETOR SUDOESTE;EQSW 303/304, SETOR SUDOESTE;-15,8007638;-47,9278018;21;6646;;1053;137;86;273;2502;2327;286;138;172;49;9;3;2;5;0;1;0
11;Cruzeiro;1147;COLÉGIO DROMOS;SETOR SUDOESTE;SQSW/EQSW 303/304, LOTE 03, SETOR SUDOESTE;-15,7997683;-47,928582;12;3599;;553;92;76;139;1423;1403;165;89;87;30;1;2;0;2;1;0;0
11;Cruzeiro;1155;COLEGIO SOMA;CRUZEIRO NOVO;SHCES Q 609, LOTE 01, CRUZEIRO NOVO;-15,7933245;-47,9387939;10;2892;;513;95;49;154;1223;1116;95;99;82;7;5;2;6;1;3;0;0
11;Cruzeiro;1163;COLEGIO CIMAN;AREA OCTOGONAL SUL;SH/AOS ENTRE AREAS 01/04, LOTE 08, OCTOGONAL;-15,8075865;-47,9399382;29;8311;;1234;189;126;291;3174;2972;345;187;197;49;11;2;2;3;0;3;0
11;Cruzeiro;1171;CASA THOMAS JEFFERSON;SETOR SUDOESTE;SHCSW/EQSW 301/302, LOTE 02, SETOR SUDOESTE;-15,79612;-47,9230393;20;6382;;1043;182;113;255;2367;2209;299;125;153;50;2;4;2;1;0;0;0
11;Cruzeiro;1180;ESCOLA CANADENSE DE BRASÍLIA ( ANTIGA MAPLE BEAR );SETOR DE INDUSTRIAS GRAFICAS;SIG QUADRA 08, LOTE 2225, PARTE F, SIG;-15,7956911;-47,9150624;16;5233;;972;139;84;262;1669;1931;229;159;136;31;6;3;2;1;0;2;0
11;Cruzeiro;1236;COLEGIO IN-NOVA ( ANTIGO COC );SETOR SUDOESTE;EQSW 101/102, LOTE  01;-15,8001179;-47,9208327;3;1073;;189;37;22;68;338;386;44;40;35;10;2;2;0;0;0;1;0
13;Samambaia;1015;CENTRO DE ENSINO FUNDAMENTAL 404;SAMAMBAIA NORTE;QS 404 AREA ESPECIAL 01;-15,86664375;-48,08408406;15;5653;;996;190;97;286;2558;1604;236;112;145;7;5;5;0;1;0;0;0
13;Samambaia;1031;ESCOLA CLASSE 403;SAMAMBAIA;QN 403/405  AREA ESPECIAL;-15,8732046;-48,0975306;14;4732;;936;206;96;150;2043;1215;195;77;104;1;1;0;1;2;1;1;0
13;Samambaia;1040;ESCOLA CLASSE 111;SAMAMBAIA;QS 111 AREA ESPECIAL 10;-15,88573895;-48,1053972;10;3373;;663;155;65;99;1398;913;130;52;67;3;5;0;2;1;0;1;0
13;Samambaia;1058;ESCOLA CLASSE 410;SAMAMBAIA;QN 410  AREA ESPECIAL 01;-15,85869952;-48,07949245;15;5070;;926;189;111;201;2223;1341;231;91;110;9;2;3;0;0;1;1;0
13;Samambaia;1147;ESCOLA CLASSE 325;SAMAMBAIA;QR 325 AREA ESPECIAL 01;-15,89720339;-48,12272584;16;4563;;863;210;93;124;2030;1128;205;63;95;5;6;2;4;0;0;0;0
13;Samambaia;1155;ESCOLA CLASSE 407;SAMAMBAIA;QR 407/409 AE 01;-15,875185;-48,1033291;15;3414;;628;151;64;82;1553;853;140;47;77;4;2;1;1;0;0;0;2
13;Samambaia;1198;ESCOLA CLASSE 425;SAMAMBAIA;QS 423/425 AE 02;-15,88737705;-48,12498487;16;4579;;942;209;82;140;1991;1147;185;84;92;11;4;1;1;0;0;0;0
13;Samambaia;1201;ESCOLA CLASSE 431;SAMAMBAIA;QS 431 AE 01;-15,89561748;-48,14383065;18;5550;;1091;272;110;142;2403;1428;196;97;129;6;3;0;3;0;2;0;0
13;Samambaia;1244;CENTRO DE ENSINO FUNDAMENTAL 312;SAMAMBAIA;QS 312  CONJUNTO 05 LOTE 01;-15,87641982;-48,06820414;18;5400;;991;227;110;202;2464;1316;214;110;127;8;3;1;2;2;0;1;1
13;Samambaia;1317;ESCOLA CLASSE 108;SAMAMBAIA;QS 108/110 AE 01;-15,87274918;-48,07486944;20;6926;;1174;217;114;236;3178;1815;269;144;145;9;4;1;0;0;1;0;1
13;Samambaia;1325;CENTRO DE ENSINO FUNDAMENTAL 120;SAMAMBAIA;QN 120/122 CONJUNTO 04 LOTE 01;-15,8696553;-48,0598302;15;5467;;910;191;120;274;2441;1457;214;117;133;13;7;1;0;3;1;0;0
13;Samambaia;1341;ESCOLA CLASSE 303;SAMAMBAIA;QR 303 CONJUNTO 12;-15,88233389;-48,0942361;12;4187;;811;163;71;137;1868;1027;180;73;95;8;4;0;1;0;1;0;1
13;Samambaia;1376;ESCOLA CLASSE 614;SAMAMBAIA;QR 614 AREA ESPECIAL 01;-15,8534442;-48,0745287;10;3174;;491;127;64;149;1409;877;158;57;71;5;2;1;2;1;0;0;0
13;Samambaia;1414;CENTRO DE ENSINO MÉDIO 414;SAMAMBAIA;QS 414 AE 01;-15,85855639;-48,07198654;18;6535;;1006;270;157;345;2957;1718;254;196;157;17;7;2;2;3;0;0;0
13;Samambaia;1422;ESCOLA CLASSE 604;SAMAMBAIA;QS 604 AE;-15,86140075;-48,08756097;12;4354;;695;162;85;208;1985;1193;170;104;110;3;5;1;0;0;0;1;0
13;Samambaia;1430;CENTRO DE ENSINO FUNDAMENTAL 619;SAMAMBAIA;QS 619 AE 01;-15,87905997;-48,12262666;9;3183;;695;140;53;100;1367;760;120;66;50;0;7;2;0;0;0;0;0
13;Samambaia;1449;ESCOLA CLASSE 318;SAMAMBAIA;QN 318 CONJUNTO 04 LOTE 01;-15,8756627;-48,0629318;15;5151;;932;153;106;195;2300;1338;212;101;119;5;3;2;1;0;1;0;0
13;Samambaia;1457;ESCOLA CLASSE 121;SAMAMBAIA;QS 121 CONJUNTO 01 LOTE 01;-15,89271831;-48,12059034;13;3772;;656;218;62;122;1662;1021;167;66;82;9;2;1;2;0;0;1;0
13;Samambaia;1538;CENTRO EDUCACIONAL MYRIAM ERVILHA;SAMAMBAIA SUL;DF 280 KM 14 - SAMAMBAIA;-15,94054661;-48,24179483;16;5873;;1213;246;121;112;2485;1533;213;93;112;6;2;2;1;0;0;1;0
13;Samambaia;1546;CENTRO DE ENSINO MÉDIO 304;SAMAMBAIA SUL;QS 304 CONJUNTO 4 LOTE 1;-15,87959206;-48,07943572;16;6129;;1109;219;118;325;2640;1619;267;186;136;11;6;2;2;1;0;0;0
13;Samambaia;1554;CENTRO DE EDUCAÇÃO INFANTIL 307;SAMAMBAIA SUL;QR 307 CONJUNTO 08 AE 01;-15,88546437;-48,09945846;10;3897;;807;178;63;149;1651;1013;137;73;87;11;5;0;4;1;0;0;0
13;Samambaia;1562;CENTRO DE ENSINO FUNDAMENTAL 427;SAMAMBAIA NORTE;QN 427 AE 2;-15,89225733;-48,13858053;15;5575;;1268;244;120;196;2221;1414;210;131;102;8;3;0;2;0;0;6;0
13;Samambaia;1570;CAIC AYRTON SENNA;SAMAMBAIA SUL;QR 117 SETOR URBANO;-15,89011669;-48,11210493;11;4251;;977;196;80;164;1763;1217;154;85;75;3;2;1;0;0;1;0;0
13;Samambaia;1589;ESCOLA CLASSE 419;SAMAMBAIA NORTE;QS 419 AE 01;-15,8849133;-48,1193767;12;3852;;731;166;81;117;1650;1023;156;50;91;6;7;1;0;0;0;0;0
13;Samambaia;1597;CAIC HELENA REIS;SAMAMBAIA NORTE;QR 409 AE 01;-15,8769041;-48,1054568;17;6070;;1290;265;107;217;2523;1536;235;132;137;4;3;2;1;0;1;1;0
13;Samambaia;1600;CCI SÊNIOR;SAMAMBAIA NORTE;QN 401 CONJUNTO D LOTES 01/02;-15,866645;-48,095936;27;9088;;1469;363;179;401;4219;2387;323;207;197;18;5;2;3;2;0;0;0
13;Samambaia;1619;CENTRO DE ENSINO 412;SAMAMBAIA NORTE;QN 412 AREA ESPECIAL 01;-15,8569617;-48,0747817;14;5461;;1106;205;98;316;2330;1408;198;138;126;10;5;3;2;0;0;1;0
13;Samambaia;1627;ESCOLA CLASSE 831;SAMAMBAIA NORTE;QR 831 LOTE 01;-15,88801675;-48,14763115;2;644;;167;26;7;18;222;180;19;20;11;0;0;0;0;0;1;0;0
13;Samambaia;1678;CENTRO DE ENSINO FUNDAMENTAL 411;SAMAMBAIA NORTE;QN 411 AE SETOR NORTE - SAMAMBAIA NORTE;-15,87770285;-48,11042322;16;4920;;1012;228;93;135;2116;1192;225;90;104;9;5;0;2;0;0;0;0
14;Plano Piloto (Asa Norte);1015;CEF 102 NORTE;ASA NORTE;SQN 102 NORTE AREA ESPECIAL;-15,7817015;-47,8831113;8;2728;;651;54;42;84;1215;602;83;65;46;12;3;2;0;2;1;0;0
14;Plano Piloto (Asa Norte);1023;CENTRO DE ENSINO FUNDAMENTAL 104 NORTE;ASA NORTE;SQN 104;-15,775119;-47,8835488;7;2538;;553;61;32;98;880;863;83;45;43;20;5;1;1;0;0;0;0
14;Plano Piloto (Asa Norte);1031;CENTRO EDUCACIONAL LEONARDO DA VINCI;ASA NORTE;SGAN 914 CONJUNTO I;-15,7465417;-47,9013335;29;9772;;1868;215;158;549;2921;3957;351;228;204;46;11;8;1;4;2;6;0
14;Plano Piloto (Asa Norte);1040;COLEGIO SANTA DOROTEIA;ASA NORTE;SGAN 911 MODULO B;-15,7577911;-47,8994574;17;3424;;649;66;42;154;1096;1357;127;74;61;11;6;1;1;1;2;0;0
14;Plano Piloto (Asa Norte);1058;ESCOLA CLASSE 113 NORTE;ASA NORTE;SQN 113 A/E;-15,7474023;-47,8906228;9;3291;;630;72;53;135;1447;915;101;52;59;22;2;0;2;1;0;4;0
14;Plano Piloto (Asa Norte);1074;COLÉGIO EVEREST - HEAVENLY INTERNATIONAL SCHOOL;ASA NORTE;SGAN 606 A/E MODULO A;-15,769075;-47,8749681;17;4932;;908;116;64;156;1914;1977;200;82;91;18;7;3;2;1;1;2;0
14;Plano Piloto (Asa Norte);1082;COLEGIO MARISTA JOAO PAULO II;ASA NORTE;SEPN 702 LOTE B;-15,7821155;-47,8878824;13;4912;;918;112;70;245;1910;1592;174;112;75;31;7;4;4;0;1;0;0
14;Plano Piloto (Asa Norte);1090;ESCOLA CLASSE 304 NORTE;ASA NORTE;SQN 304;-15,7764186;-47,8862008;7;2621;;507;52;47;91;1126;773;66;53;36;11;3;2;0;0;0;0;0
14;Plano Piloto (Asa Norte);1104;ESCOLA CLASSE 415 NORTE;ASA NORTE;SQN 415;-15,7398449;-47,8864887;6;2152;;264;46;23;179;478;1187;74;44;50;11;4;2;0;2;3;0;0
14;Plano Piloto (Asa Norte);1112;ESCOLA CLASSE 312 NORTE;ASA NORTE;SQN 312;-15,752409;-47,8926813;7;2558;;469;54;47;143;795;1041;97;40;50;18;3;2;0;1;0;0;0
14;Plano Piloto (Asa Norte);1120;CENTRO DE EDUCACAO INFANTIL 316 NORTE;ASA NORTE;SQN  316;-15,7386999;-47,8965955;9;3209;;602;64;39;220;863;1435;96;62;75;15;1;1;2;1;2;0;0
14;Plano Piloto (Asa Norte);1139;ESCOLA CLASSE 403 NORTE;ASA NORTE;SQN 403 A/E;-15,7775089;-47,8759512;8;3011;;495;75;31;153;995;1237;106;60;47;16;6;3;2;1;0;0;0
14;Plano Piloto (Asa Norte);1147;ESCOLA CLASSE 405 NORTE;ASA NORTE;SQN 405 A/E;-15,7709771;-47,8771524;7;2419;;384;50;32;161;709;1096;77;48;49;11;3;0;2;1;0;0;0
14;Plano Piloto (Asa Norte);1155;ESCOLA CLASSE 407 NORTE;ASA NORTE;SQN 407 A/E;-15,7622441;-47,8786468;5;1863;;310;43;36;129;516;853;64;38;32;12;5;0;0;1;0;1;0
14;Plano Piloto (Asa Norte);1163;CENTRO DE ENSINO FUNDAMENTAL 410 NORTE;ASA NORTE;SQN 410 A/E;-15,7551182;-47,8813859;8;2832;;481;66;49;195;744;1330;88;49;52;17;8;5;1;1;0;1;0
14;Plano Piloto (Asa Norte);1171;ESCOLA CLASSE 411 NORTE;ASA NORTE;SQN 411 ÁREA ESPECIAL;-15,7527549;-47,8822021;7;2489;;385;49;34;150;691;1151;77;46;57;18;2;6;2;3;1;0;0
14;Plano Piloto (Asa Norte);1201;IFB - INSTITUTO FEDERAL DE BRASILIA;ASA NORTE;SGAN 610 (610 NORTE), MÓDULO D, E, F E G;-15,7538906;-47,8794926;18;4291;;831;105;53;236;1348;2305;173;82;101;18;5;1;3;4;3;1;0
14;Plano Piloto (Asa Norte);1236;CENTRO EDUCACIONAL GISNO;ASA NORTE;SGAN 907 MODULO A;-15,7689902;-47,8943568;13;3345;;579;88;48;182;1117;1310;102;80;62;15;7;1;0;1;1;0;0
14;Plano Piloto (Asa Norte);1317;UNICEUB;ASA NORTE;SEPN 707/907;-15,767;-47,8936627;33;9735;;1957;254;165;446;3623;4052;346;231;199;45;17;6;0;8;0;2;0
14;Plano Piloto (Asa Norte);1333;FUNDACAO LOGOSOFICA;ASA NORTE;HCGN 704 A/E;-15,7766889;-47,8903814;8;2264;;398;44;45;93;932;970;86;55;54;16;6;2;0;0;0;1;0
14;Plano Piloto (Asa Norte);1384;ESCOLA CLASSE 115 NORTE;ASA NORTE;SQN 115;-15,7411657;-47,8927071;11;4104;;616;89;62;228;1432;1692;115;82;66;34;2;4;1;2;2;1;0
14;Plano Piloto (Asa Norte);1406;COLEGIO MADRE CARMEN SALLES;ASA NORTE;SGAN 604 LOTE D;-15,7748307;-47,8741091;8;3045;;553;80;45;152;1051;1119;116;70;64;14;1;0;1;2;0;1;0
14;Plano Piloto (Asa Norte);1457;COLÉGIO IDEAL;ASA NORTE;SGAN 916 MODULO B;-15,7420028;-47,9029755;12;4222;;708;120;62;199;1279;1735;169;102;110;24;11;1;3;3;0;2;0
14;Plano Piloto (Asa Norte);1465;CENTRO DE ENSINO MEDIO PAULO FREIRE;ASA NORTE;SGAN 610 MODULO A;-15,7559248;-47,8784394;7;2489;;385;68;34;222;554;1269;90;69;41;11;7;3;3;2;2;1;0
14;Plano Piloto (Asa Norte);1481;CEAN - CENTRO DE ENSINO MEDIO ASA NORTE;ASA NORTE;SGAN 606 MODULO G/H;-15,7665324;-47,8748402;10;3763;;700;116;53;303;1035;1630;114;123;68;17;7;3;0;2;4;0;0
14;Plano Piloto (Asa Norte);1490;CENTRO DE ENSINO FUNDAMENTAL 7 DE BRASILIA;ASA NORTE;SGAN 912 MODULO A/B;-15,7548015;-47,8985048;12;4486;;812;136;70;262;1373;1867;130;95;81;19;11;7;2;2;0;1;0
14;Plano Piloto (Asa Norte);1562;UNB - PAVILHAO JOAO CALMON;ASA NORTE;CAMPUS UNIVERSITARIO DARCY RIBEIRO;-15,7589074;-47,8701088;6;1926;;306;38;24;208;411;1308;65;30;37;6;12;3;1;0;1;0;0
14;Plano Piloto (Asa Norte);1570;CENTRO DE ENSINO FUNDAMENTAL GAN;ASA NORTE;SGAN 603, AREA ESP. - MODULO H;-15,7761863;-47,8738837;8;2694;;499;42;41;161;905;1038;74;60;59;15;7;1;3;1;2;0;0
14;Plano Piloto (Asa Norte);1589;COLEGIO SAGRADA FAMILIA;ASA NORTE;SGAN 906 LOTE C;-15,771524;-47,8925412;11;2918;;496;48;38;127;1407;1352;106;79;62;14;3;3;3;0;1;2;0
14;Plano Piloto (Asa Norte);1619;ESCOLA PARQUE 210 NORTE;ASA NORTE;EQN 210/211 A/E;-15,7541931;-47,8839131;8;2954;;505;56;43;179;830;1323;119;54;58;6;9;1;0;2;2;0;0
14;Plano Piloto (Asa Norte);1651;CENTRO EDUCACIONAL SIGMA;ASA NORTE;SGAN 910 MÓDULO E;-15,7592879;-47,8962181;9;3426;;507;78;40;226;1053;1428;147;126;63;20;7;3;2;2;1;0;0
15;Águas Claras;1015;CENTRO EDUCACIONAL Nº 02;TAGUATINGA SUL;EQSA 25/24 QSD 09/11  AE S/N;-15,84246518;-48,04783904;16;5635;;1024;201;106;307;2413;1716;200;128;120;11;11;1;3;4;1;0;0
15;Águas Claras;1023;CEF Nº 15;TAGUATINGA SUL;QSA 03/04 ÁREA ESPECIAL;-15,83480489;-48,054314;15;4904;;806;166;89;233;2132;1425;175;112;115;8;5;5;1;2;0;2;0
15;Águas Claras;1058;ESCOLA TÉCNICA DE BRASÍLIA;TAGUATINGA SUL;QS 07 LOTE 02/08 - AVENIDA ÁGUAS CLARAS - VILA AREAL;-15,8608101;-48,0281104;12;3780;;688;138;71;150;1743;923;127;95;74;4;4;0;1;0;2;0;0
15;Águas Claras;1090;CEF Nº 8;TAGUATINGA NORTE;QNA 52 ÁREA ESPECIAL S/ N;-15,81756311;-48,05867197;10;3603;;608;123;64;209;1535;1069;155;78;70;9;6;0;0;1;0;4;0
15;Águas Claras;1112;ESCOLA CLASSE N 1;TAGUATINGA SUL;QSC 01 AE 01;-15,83627769;-48,06177765;3;982;;188;31;10;27;445;257;40;10;14;5;0;0;0;0;0;0;0
15;Águas Claras;1120;CEMAB - CENTRO DE ENSINO MÉDIO AVE BRANCA;TAGUATINGA SUL;QSA 03/05 ÁREA ESPECIAL;-15,83547247;-48,05395653;24;7706;;1417;244;126;602;3036;2447;232;218;146;18;14;5;1;0;2;5;0
15;Águas Claras;1139;CEF Nº 10;TAGUATINGA SUL;QSE 05/07 ÁREA ESPECIAL N 01;-15,8566145;-48,0413253;15;4900;;954;189;86;222;2030;1386;174;113;102;6;7;2;1;2;0;0;0
15;Águas Claras;1147;ESCOLA CLASSE N 11;TAGUATINGA SUL;QSE 12/14  AE S/N;-15,8563944;-48,0441624;10;2584;;468;90;54;87;1157;751;118;33;50;5;2;0;0;0;1;0;0
15;Águas Claras;1180;CENTRO DE EDUCAÇÃO INFANTIL Nº 04;TAGUATINGA NORTE;ECNA 01/02 ÁREA ESPECIAL S/ N;-15,8271004;-48,0580983;6;1537;;285;43;27;74;764;582;50;27;17;5;1;2;2;0;0;0;0
15;Águas Claras;1198;CEF Nº 3;TAGUATINGA SUL;EQSA 25/24 QSD 09/11 ÁREA ESPECIAL S/ N;-15,84011006;-48,04913507;18;5662;;942;182;91;316;2387;1729;199;128;130;17;0;0;1;2;2;0;1
15;Águas Claras;1210;ESCOLA CLASSE 54 (CEF  Nº 18 - ESCOLA NORMAL);TAGUATINGA SUL;QSD 32 ÁREA P/ ESCOLA N 02;-15,8534411;-48,0482625;10;2932;;491;85;57;115;1324;786;136;33;73;8;5;0;1;0;0;0;0
15;Águas Claras;1228;CENTRO DE ENS MÉDIO Nº 3;TAGUATINGA SUL;QSE 05 ÁREA ESPECIAL N 14;-15,8599007;-48,0398689;17;4503;;809;159;92;196;2095;1352;187;118;119;14;6;2;1;0;0;1;0
15;Águas Claras;1287;CILT - CENTRO INTERESCOLAR DE LINGUAS DE TAGUATINGA;TAGUATINGA SUL;QSB 02/03 ÁREA ESPECIAL N 03/04;-15,83620417;-48,0585088;12;3878;;609;134;71;197;1724;1113;138;110;81;7;5;3;1;2;0;0;0
15;Águas Claras;1295;ESCOLA CLASSE ARNIQUEIRA;TAGUATINGA SUL;SMPW 04 CJ 04 LT 05 - COL. AGR. ARNIQUEIRA;-15,8620224;-48,0008601;5;1724;;299;45;14;91;817;425;60;53;33;3;1;1;0;0;0;0;0
15;Águas Claras;1309;CENTRO EDUC STELLA MARIS;TAGUATINGA CENTRO;SETOR C 07 - PARTE B - AE P/ IGREJA CATÓLICA;-15,83162239;-48,05604948;18;5476;;931;151;109;301;2344;1637;180;88;130;22;8;4;1;0;2;1;0
15;Águas Claras;1317;ESCOLA LA SALLE;AGUAS CLARAS - TAGUATINGA SUL;QUADRA 301 ÁREA ESPECIAL S/N;-15,82714853;-48,0115112;38;12777;;2165;332;193;614;5361;3822;523;325;315;61;8;6;1;2;3;7;0
15;Águas Claras;1384;COLEGIO LEONARDO DA VINCI;AREAL (ÁGUAS CLARAS);QS 03 RUA 420 LOTE 02;-15,8471366;-48,0413552;37;11516;;2144;304;145;557;4966;3230;399;294;226;40;12;5;2;2;1;2;0
15;Águas Claras;1392;ESCOLA CLASSE VILA AREAL;AREAL (ÁGUAS CLARAS);QS 06 CONJUNTO 430;-15,8598161;-48,0251492;8;2501;;526;113;37;91;1073;660;67;43;51;4;0;0;2;0;1;1;0
15;Águas Claras;1414;UNIPLAN -CENTRO UNIVERSITÁRIO PLANALTO DO DISTRITO FEDERAL;AGUAS CLARAS - TAGUATINGA SUL;AVENIDA PAU BRASIL, LOTE 2 - ÁGUAS CLARAS - DISTRITO FEDERAL;-15,83708867;-48,02628136;26;9318;;1518;238;161;535;3701;2982;362;261;226;44;13;10;2;1;0;1;0
15;Águas Claras;1422;CENTRO DE EDUCAÇÃO INFANTIL ÁGUAS CLARAS;AREAL (ÁGUAS CLARAS);QS 11, A/E 01 - AREAL(ÁGUAS CLARAS) - DISTRITO FEDERAL;-15,8706858;-48,0148982;9;2960;;608;103;46;102;1322;809;90;60;55;8;1;2;1;0;0;0;0
15;Águas Claras;1449;CENTRO UNIVERSITARIO EURO AMERICANO - UNIEURO;AGUAS CLARAS - TAGUATINGA SUL;AVENIDA CASTANHEIRAS LOTE 370;-15,83174916;-48,0379144;41;14011;;2253;344;252;604;5949;4217;590;298;359;62;12;3;6;6;1;0;0
15;Águas Claras;1457;CENTRO EDUCACIONAL CATOLICA DE BRASILIA;AREAL (ÁGUAS CLARAS);QS 07 LOTE 1 EPCT - TAGUATINGA SUL;-15,8624774;-48,0327782;28;9647;;2029;328;164;501;3949;2605;322;244;230;17;12;2;3;2;0;0;2
15;Águas Claras;1465;COLÉGIO MARISTA - ÁGUAS CLARAS;AGUAS CLARAS - TAGUATINGA SUL;RUA TAMBORIL LOTE 1;-15,8366735;-48,008768;20;6886;;908;135;115;315;3038;2186;272;150;160;37;3;7;2;0;1;0;0
15;Águas Claras;1481;CENTRO EDUCACIONAL SIGMA;SUL (AGUAS CLARAS);RUA 14 SUL, LOTE 06;-15,8388444;-48,0189476;17;5920;;1096;152;79;273;2434;1809;194;120;125;15;5;6;1;2;1;2;0
15;Águas Claras;1490;ESCOLA ATUAL;AGUAS CLARAS - TAGUATINGA SUL;QUADRA 204, LOTE 01;-15,8407395;-48,0180585;12;3784;;523;104;67;216;1538;1256;152;105;86;23;7;0;0;1;3;3;0
15;Águas Claras;1538;COLÉGIO OLIMPO LTDA;SUL (AGUAS CLARAS);RUA 7 SUL, LOTE 04;-15,8362151;-48,0131372;10;3204;;572;95;61;176;1238;1019;117;83;78;19;3;2;2;1;0;0;0
15;Águas Claras;1562;FACULDADE PROCESSUS - CAMPUS II;AGUAS CLARAS - TAGUATINGA SUL;AVENIDA ARAUCÁRIAS N. 4400;-15,83376806;-48,04537393;9;3039;;502;76;47;189;1186;964;120;96;86;12;5;2;1;1;2;0;0
15;Águas Claras;1600;COLÉGIO IDEAL;SUL (AGUAS CLARAS);AVENIDA JEQUITIBÁ N. 325;-15,8402742;-48,0376009;15;5044;;916;135;88;412;1778;1760;170;176;106;21;12;3;2;0;1;1;0
15;Águas Claras;1619;COLÉGIO VISÃO;NORTE (AGUAS CLARAS);RUA 25 NORTE, LOTE 04;-15,83775938;-48,02991966;6;1977;;395;45;30;131;712;627;71;57;60;5;5;0;1;0;1;0;0
15;Águas Claras;1643;COLÉGIO ANCHIETA - TAGUATINGA;TAGUATINGA SUL;QSC 19, QUADRA 27 CONJUNTO A, LOTE 16, ST DE CHÁCARAS - PRIMAVERA, TAG;-15,8513838;-48,0655976;2;592;;98;23;9;35;285;141;8;35;10;1;2;0;0;0;0;0;0
15;Águas Claras;1651;CEUB - ÁGUAS CLARAS;AGUAS CLARAS - TAGUATINGA SUL;RUA 214 LOTE 1/17 QS 01 TAGUATINGA SUL - DF;-15,83511542;-48,04579918;8;2475;;412;81;39;164;1055;928;86;93;66;10;6;1;0;0;2;1;0
15;Águas Claras;1678;COLÉGIO ADVENTISTA;SUL (AGUAS CLARAS);AVENIDA SIBIPIRUNA, LOTES 24, 26 E 28;-15,8454312;-48,0326862;15;4900;;652;141;78;447;1866;2016;176;228;111;14;7;0;0;1;1;0;0
15;Águas Claras;1686;COLÉGIO IDEAL MANACÁ;NORTE (AGUAS CLARAS);RUA MANACÁ, BLOCO 2;-15,8355067;-48,0081015;11;3566;;517;74;65;311;1251;1547;116;131;98;16;12;1;1;0;0;1;1
15;Águas Claras;1694;COLÉGIO OBJETIVO - ÁGUAS CLARAS;NORTE (AGUAS CLARAS);AV. PAU BRASIL, 02 - BLOCO F - ÁGUAS CLARAS, BRASÍLIA - DF;-15,83703795;-48,02583796;12;4325;;676;103;75;222;1734;1473;166;92;75;16;4;1;1;0;0;0;0
16;Ceilândia;1040;ESCOLA CLASSE 61;CEILANDIA NORTE;QNQ 4 LOTE A SETOR Q;-15,8051679;-48,1441032;16;4793;;809;211;107;198;2078;1364;199;72;92;8;2;2;2;1;0;0;0
16;Ceilândia;1058;ESCOLA CLASSE 16;CEILANDIA NORTE;EQNO 04/06 - SETOR O;-15,7910067;-48,1213467;10;3344;;590;117;73;195;1494;916;124;51;72;7;0;2;1;1;1;0;0
16;Ceilândia;1066;ESCOLA CLASSE 17;CEILANDIA NORTE;EQNO 01/03 - SETOR O;-15,7972049;-48,1229373;13;2913;;456;113;67;134;1355;787;105;48;66;2;0;2;2;1;0;1;0
16;Ceilândia;1074;CENTRO EDUCACIONAL 14 (ANTIGO CE 15);CEILANDIA NORTE;EQNO 11/13 - SETOR O;-15,7939583;-48,1294683;20;6121;;1112;291;144;377;2653;1626;242;131;141;1;1;2;2;1;0;1;1
16;Ceilândia;1082;ESCOLA CLASSE 33;CEILANDIA NORTE;EQNO 13/15 - SETOR O;-15,78883;-48,1314467;17;5259;;949;198;119;268;2334;1414;223;72;94;3;5;0;1;1;0;2;0
16;Ceilândia;1090;CENTRO DE ENSINO FUNDAMENTAL 26 (ANTIGA EC 30);CEILANDIA NORTE;EQNO 5/7 - SETOR O;-15,7863785;-48,1262546;15;4013;;708;176;86;294;1789;1133;145;87;92;4;4;2;1;0;0;0;0
16;Ceilândia;1104;ESCOLA CLASSE 62;CEILANDIA NORTE;QNQ 01 - AREA ESPECIAL;-15,80371;-48,1393017;14;4762;;822;198;126;243;2027;1326;219;65;98;6;5;0;1;1;0;0;0
16;Ceilândia;1120;ESCOLA CLASSE 34;CEILANDIA NORTE;EQNP 17/13 - SETOR P NORTE;-15,8074483;-48,1311983;14;3235;;575;150;70;125;1393;938;131;26;56;2;3;0;2;1;0;2;0
16;Ceilândia;1139;CENTRO DE ENSINO FUNDAMENTAL 12;CEILANDIA NORTE;EQNO 02/04 - SETOR O;-15,7962933;-48,1193967;11;4223;;882;176;84;320;1802;1089;165;96;75;7;2;0;1;1;0;0;0
16;Ceilândia;1147;ESCOLA CLASSE 31;CEILANDIA NORTE;EQNO 09/11 - SETOR O;-15,7991917;-48,12726;16;4237;;697;169;94;229;1776;1248;198;59;106;7;4;0;4;1;0;0;0
16;Ceilândia;1155;CENTRO DE ENSINO FUNDAMENTAL 31 (ANTIGO CE 17 E 53);CEILANDIA NORTE;EQNO 17 CONJUNTO H LOTE 02 - EXPANSÃO SETOR O;-15,799005;-48,1347717;15;5119;;993;242;114;246;2201;1356;209;86;98;4;8;2;1;0;2;1;0
16;Ceilândia;1163;CENTRO DE ENSINO MÉDIO 09;CEILANDIA NORTE;EQNO 03/05 SETOR O;-15,79147;-48,124305;16;6278;;1078;239;134;542;2708;1740;260;162;130;6;6;3;1;1;0;2;0
16;Ceilândia;1171;CENTRO DE ENSINO FUNDAMENTAL BOA ESPERANÇA;CEILANDIA NORTE;BR 070 - DF 180/190 FAZENDA CACHOEIRA NUCLEO RURAL BOA ESPERANCA;-15,82832;-48,2466483;3;989;;195;35;8;13;478;217;45;13;9;1;0;2;0;0;0;0;0
16;Ceilândia;1180;CENTRO DE ENSINO FUNDAMENTAL 30;CEILANDIA NORTE;AREA ESPECIAL FRENTE MODULO 07 -  CONDOMINIO PRIVE;-15,7855783;-48,1371067;11;4217;;928;188;111;200;1693;1147;159;73;75;8;3;1;2;0;0;0;0
16;Ceilândia;1198;CENTRO EDUCACIONAL INCRA 09;CEILANDIA NORTE;NRAG - NUCLEO RURAL ALEXANDRE GUSMAO KM 16 BR 070 INCRA 09;-15,784164;-48,1938902;5;1543;;380;63;15;30;674;347;49;22;30;2;0;0;1;0;0;0;0
16;Ceilândia;1210;ESCOLA CLASSE 38;CEILANDIA NORTE;EQNP 15/19 - AREA ESPECIAL - SETOR P NORTE;-15,8086433;-48,1352633;10;3808;;693;151;102;242;1567;1090;133;83;81;4;2;2;0;0;1;0;1
16;Ceilândia;1228;CENTRO DE ENSINO MEDIO 12;CEILANDIA NORTE;QNP 13 - AREA ESPECIAL - SETOR P NORTE;-15,8097233;-48,12998;7;2636;;553;126;53;307;962;865;70;109;70;1;4;5;1;0;0;0;1
16;Ceilândia;1236;ESCOLA CLASSE 55;CEILANDIA NORTE;EQNO 19/20 - CONJUNTO C -  ÁREA ESPECIAL - EXPANSÃO SETOR O;-15,790365;-48,14218;7;2601;;566;119;54;139;1031;706;91;55;51;1;1;1;1;0;0;0;0
16;Ceilândia;1244;ESCOLA CLASSE 56;CEILANDIA NORTE;EQNO 18 CONJUNTO I LOTE 2 - EXPANSÃO DO SETOR O;-15,7944199;-48,1364166;8;3107;;703;141;55;171;1243;823;127;51;56;1;3;0;1;0;1;0;0
16;Ceilândia;1252;CENTRO DE ENSINO FUNDAMENTAL 34 (ANTIGA EC 60);CEILANDIA NORTE;QNO 19 CONJUNTO B LOTE 01 - EXPANSÃO DO SETOR O;-15,7941342;-48,1387904;12;4380;;1022;217;86;240;1714;1183;147;95;75;0;4;3;2;0;0;0;0
16;Ceilândia;1260;CENTRO EDUCACIONAL 16 (ANTIGO CEF 24);CEILANDIA NORTE;QNQ 03;-15,8042418;-48,1433863;11;3940;;852;184;85;196;1717;935;145;82;73;5;6;0;0;0;1;2;0
16;Ceilândia;1279;ESCOLA CLASSE 65;CEILANDIA NORTE;QNR 02 - ÁREA ESPECIAL 04;-15,8065127;-48,1602275;12;4384;;904;206;102;170;1766;1252;147;67;80;9;4;1;3;0;1;1;0
16;Ceilândia;1287;CENTRO DE ENSINO FUNDAMENTAL 27;CEILANDIA NORTE;QNR 01 AREA ESPECIAL03;-15,8054776;-48,1509369;15;5855;;1358;314;114;336;2283;1533;230;126;125;9;7;3;1;1;0;1;0
16;Ceilândia;1295;CENTRO DE ENSINO FUNDAMENTAL 28;CEILANDIA NORTE;QNP 21 AREA ESPECIAL - SETOR HABITACIONAL SOL NASCENTE;-15,8113383;-48,1398417;8;3122;;685;185;73;187;1173;904;87;93;62;4;2;1;0;0;1;0;0
16;Ceilândia;1309;ESCOLA CLASSE DO SETOR P NORTE;CEILANDIA NORTE;RUA DA CASCALHEIRA S/N - VC 311;-15,8321067;-48,1380483;4;1444;;322;67;25;82;493;476;51;23;29;2;0;0;1;0;0;0;0
16;Ceilândia;1317;ESCOLA CLASSE 66;CEILANDIA NORTE;AV.CORREGO DAS CORUJAS S/N - SETOR HABITACIONAL SOL NASCENTE TRECHO 3;-15,8181983;-48,15347;19;7152;;1659;343;111;234;2559;2160;245;157;116;1;8;1;5;0;0;0;1
16;Ceilândia;1325;CENTRO  EDUCACIONAL 02;SETOR NORTE;PRACA DO LAÇO - SETOR NORTE;-15,6815237;-48,1978244;9;2911;;625;87;45;66;1209;759;110;61;62;4;5;1;0;0;1;0;0
16;Ceilândia;1333;ESCOLA CLASSE N. 05 - GB;SETOR SUL;AE N. 01;-15,6876528;-48,1915102;4;1190;;219;37;18;18;541;310;53;15;21;0;1;0;0;0;0;0;0
16;Ceilândia;1341;ESCOLA CLASSE  ALMECEGAS;BRAZLANDIA;ZONA RURAL FAZ. ALMECEGAS BR-080 - DF 206 VC 505;-15,5389083;-48,1688;2;130;;18;5;1;1;45;42;14;2;3;0;0;0;0;0;0;0;0
16;Ceilândia;1350;CENTRO EDUCACIONAL 04 (CURRALINHO);BRAZLANDIA;BR 080 KM 37 FAZ. CURRALINHO, ESTRADA DE PADRE BERNARDO;-15,5342401;-48,1904894;2;320;;80;7;3;2;116;86;19;5;3;0;0;0;0;0;0;0;0
16;Ceilândia;1368;CENTRO DE ENSINO ESPECIAL - CENEBRAZ;SETOR NORTE;EQ 2/4 LOTE A - SETOR NORTE;-15,68134;-48,19178;8;2497;;464;87;35;43;1045;675;128;39;57;5;0;0;1;1;1;0;0
16;Ceilândia;1376;ESCOLA CLASSE POLO AGRICOLA TORRE;BRAZLANDIA;ZR - DF 001 (EPCT) DF 430/415 KM 06;-15,6269219;-48,1201314;3;814;;171;36;18;3;333;212;30;6;17;2;0;0;0;1;0;0;0
16;Ceilândia;1384;ESCOLA CLASSE N 03;SETOR NORTE;EQ 6/8;-15,677175;-48,1928633;8;2656;;541;69;44;52;1123;671;116;45;67;1;1;1;0;0;2;0;0
16;Ceilândia;1392;ESCOLA CLASSE N 01;SETOR TRADICIONAL;AE N 03;-15,6817084;-48,2018018;6;1427;;254;45;18;19;675;360;65;14;19;2;1;0;1;0;0;0;0
16;Ceilândia;1406;ESCOLA CLASSE N. 01 - INCRA 08;N.R.ALEX. GUSMAO;INCRA 08 - QUADRA 18 LOTE 01;-15,7403201;-48,1702116;7;2444;;506;92;41;66;1004;637;103;56;28;2;4;0;1;1;0;0;0
16;Ceilândia;1414;CENTRO DE CONVIVÊNCIA BRAZLÂNDIA CENTRAL (COSE);SETOR NORTE;AE 01 LOTE K/L/M/N - SETOR NORTE;-15,682665;-48,19719;2;556;;109;16;7;14;254;141;15;10;9;3;0;0;0;0;0;0;0
16;Ceilândia;1422;ESCOLA CLASSE 07;VILA SAO JOSE;Q. 38 AE N. 02;-15,6649822;-48,2020779;8;2276;;456;72;39;45;892;622;143;29;58;1;1;1;0;0;0;0;0
16;Ceilândia;1430;ESCOLA CLASSE 09;VILA SAO JOSE;EQ 45/55 - VILA SÃO JOSÉ;-15,6583753;-48,1903624;9;2929;;668;119;40;61;1172;718;142;58;75;2;3;2;3;0;0;0;0
16;Ceilândia;1449;ESCOLA CLASSE N. 06;VILA SAO JOSE;QD. 38 AE N. 01;-15,6649083;-48,20079;6;1893;;328;75;25;63;854;484;75;36;58;2;1;1;1;0;0;1;0
16;Ceilândia;1457;CENTRO INTERESCOLAR DE LINGUAS DE BRAZLANDIA - CILB;SETOR TRADICIONAL;ÁREA ESPECIAL 07 QUADRA 02 - SETOR TRADICIONAL;-15,6859283;-48,2019667;9;1336;;223;25;22;25;620;341;65;18;34;0;0;0;0;0;0;0;0
16;Ceilândia;1465;CENTRO DE ENSINO FUNDAMENTAL N. 01;SETOR VEREDAS;PIQ( PROGRAMA DE INTEGRAÇÃO DE QUADRAS) Q. 06 LT. 02, SETOR VEREDAS;-15,6664402;-48,2007289;11;2496;;444;94;34;55;1065;708;119;43;37;5;2;0;0;0;1;1;0
16;Ceilândia;1473;CENTRO DE ENSINO FUNDAMENTAL VENDINHA;BRAZLANDIA;BR - 080 KM 25 ESTRADA DE BRAZLÂNDIA PARA PADRE BERNARDO;-15,621004;-48,1994635;2;656;;179;31;7;2;218;193;31;13;4;0;0;0;0;0;0;0;0
16;Ceilândia;1481;ESCOLA CLASSE RURAL CHAPADINHA;N.R.ALEX. GUSMAO;ZR - DF 240 (DF 008) DF 445, 4 KM ESQ.;-15,6750383;-48,1515133;3;820;;126;21;8;18;410;212;33;10;7;1;0;0;1;0;0;0;0
16;Ceilândia;1490;CENTRO DE ENSINO MEDIO N. 01;SETOR SUL;QD. 04 AE N. 02;-15,6874496;-48,196132;11;2665;;486;81;35;70;1145;750;99;59;60;4;4;1;0;0;0;0;0
16;Ceilândia;1503;ESCOLA CLASSE INCRA 06;N.R.ALEX. GUSMAO;ZR - ROD. DF 180, KM 06 (DCAG), N.R.ALEX. GUSMAO;-15,728778;-48,1925399;3;783;;165;28;11;11;336;207;29;17;7;3;0;1;0;0;0;0;0
16;Ceilândia;1511;CENTRO DE EDUCACAO INFANTIL 01 DE BRAZLANDIA;SETOR VEREDAS;PIQ 05, LOTE 01, SETOR VEREDAS;-15,6674098;-48,1986949;4;1292;;243;37;16;37;582;321;60;19;31;3;3;1;0;0;0;0;0
16;Ceilândia;1520;ESCOLA CLASSE BUCANHAO;BRAZLANDIA;ZR-DF-240-ACESSO P/VSJ, KM 3,7;-15,6369894;-48,1695338;2;74;;18;1;1;2;23;26;1;0;3;0;0;0;0;0;0;0;0
16;Ceilândia;1538;CENTRO EDUCACIONAL IRMÃ MARIA REGINA VELANES RÉGIS;BRAZLANDIA;ZR DF 001 (EPCT) DF 430, RODEADOR;-15,6753567;-48,1031467;4;1537;;348;49;9;25;695;341;63;24;22;1;2;0;0;0;2;0;0
16;Ceilândia;1546;CENTRO ENSINO MÉDIO Nº 02;VILA SAO JOSE;QUADRA 36 AE 03, VILA SÃO JOSÉ;-15,666335;-48,1965083;11;3848;;739;144;65;93;1627;990;199;76;85;4;1;3;0;1;1;0;0
16;Ceilândia;1554;CENTRO DE ENSINO FUNDAMENTAL N. 02;SETOR NORTE;QUADRA 12 ÁREA ESPECIAL 05 - SETOR NORTE;-15,6722359;-48,1943567;6;1906;;384;48;21;27;785;523;86;38;43;2;1;0;1;0;1;0;0
16;Ceilândia;1562;CENTRO DE ENSINO FUNDAMENTAL- INCRA 08;N.R.ALEX. GUSMAO;ZR - DF 070, DF 180 - ALEXANDRE GUSMAO;-15,7433802;-48,1703365;8;2178;;423;84;36;52;879;627;93;44;33;1;2;0;0;0;2;1;0
16;Ceilândia;1570;ESCOLA CLASSE  INCRA 07;N.R.ALEX. GUSMAO;ZR - DF 249 - DF 008, N.R.ALEX. GUSMAO;-15,7490667;-48,115015;2;595;;141;15;13;5;237;154;27;5;17;3;0;0;0;0;0;0;0
16;Ceilândia;1589;CAIC - PROFESSOR BENEDITO CARLOS DE OLIVEIRA;SETOR TRADICIONAL;AE 05 - SETOR TRADICIONAL;-15,6777573;-48,2033815;3;764;;193;23;13;14;297;202;34;9;12;0;1;1;0;0;0;0;0
16;Ceilândia;1597;CENTRO DE ENSINO FUNDAMENTAL N. 03;VILA SAO JOSE;AE - QUADRA 046, VILA SÃO JOSÉ;-15,6585753;-48,1955996;11;3326;;645;108;71;63;1455;798;190;44;64;5;1;0;5;0;0;1;0
16;Ceilândia;1600;ESCOLA CLASSE 08;SETOR VEREDAS;Q. 04 LOTE 01;-15,670695;-48,201965;8;2598;;483;92;42;74;1120;662;164;30;60;1;2;0;1;0;0;0;0
16;Ceilândia;1619;CONGREGAÇÃO IRMÃS OBLATAS DO MENINO JESUS;SETOR NORTE;AE N. 02 LT. M/N;-15,6725718;-48,1921826;4;1042;;171;22;14;16;488;251;53;21;30;5;0;0;0;0;0;0;0
16;Ceilândia;1627;UIBRA - UNIDADE DE INTERNAÇÃO DE BRAZLÂNDIA;BRAZLANDIA;BR 080 KM 12 - FRENTE A RODOVIARIA;-15,6458383;-48,2008817;1;37;;4;3;2;1;7;22;1;0;1;0;0;1;0;1;0;0;0
17;Gama;1015;CIL - CENTRO INTERESCOLAR DE LINGUAS DO GAMA;SETOR CENTRAL;QD EQ 16/18 ST CENTRAL GAMA;-16,0183513;-48,0684497;17;5700;;1193;183;120;208;2161;1747;223;109;94;11;4;1;5;1;1;1;1
17;Gama;1023;EC 22 - ESCOLA CLASSE 22 DO GAMA;SETOR CENTRAL;QD EQ 33/39 AE EC 22 ST CENTRAL GAMA;-16,0232597;-48,0669748;10;2595;;373;95;66;101;1109;821;101;39;54;4;0;1;1;0;0;0;0
17;Gama;1031;CEF 01 - CENTRO DE ENSINO FUNDAMENTAL 01 DO GAMA;SETOR NORTE;EQ 1/2 A.E. SETOR NORTE;-16,0069911;-48,0621491;19;7264;;1408;242;126;252;3010;2087;295;143;132;10;6;1;1;2;1;0;0
17;Gama;1040;CEM 02 - CENTRO DE ENSINO MEDIO 02 DO GAMA;SETOR CENTRAL;LOTE 27/36 A.E. S.CENTRAL LADO OESTE;-16,0149;-48,070045;27;9203;;1665;358;216;397;3719;2787;360;204;174;9;10;1;3;1;1;1;0
17;Gama;1058;CEF 10 - CENTRO DE ENSINO FUNDAMENTAL 10 DO GAMA;SETOR OESTE;QD EQ 16/26 E 19-22 ST OESTE GAMA;-16,0143661;-48,0748285;20;5963;;1197;232;133;180;2329;1760;258;111;123;10;6;0;3;1;0;0;0
17;Gama;1066;CEMI - CEM INTEGRADO 01 EDUCAÇÃO PROFISSIONAL;SETOR OESTE;EQ 12/16  A.ESPECIALSETOR OESTE;-16,0106092;-48,0747934;6;2172;;377;61;43;146;813;733;90;71;43;4;1;1;3;2;0;1;0
17;Gama;1074;CEM 03 - CENTRO DE ENSINO MÉDIO 03 DO GAMA;SETOR SUL;EQ 5/11 A.E. SETOR SUL;-16,03681402;-48,06375638;14;5307;;1089;210;107;188;2099;1582;231;115;103;8;5;0;0;0;2;0;0
17;Gama;1082;EC 09 - ESCOLA CLASSE 09 DO GAMA;SETOR SUL;QD 3 AE EC 9 ST SUL GAMA;-16,03080466;-48,06575429;15;3561;;596;153;76;115;1449;1140;148;52;67;2;1;2;0;0;0;1;0
17;Gama;1090;CEF 11 - CENTRO DE ENSINO FUNDAMENTAL 11 DO GAMA;SETOR SUL;QUADRA 1 A.E. S.SUL;-16,02814517;-48,06951472;17;4628;;884;198;70;112;1903;1404;180;61;65;2;4;1;0;0;1;0;0
17;Gama;1104;CED 08 - CENTRO EDUCACIONAL 08 DO GAMA;SETOR SUL;PÇ 4 BL A E/QD 4/10 ST SUL GAMA;-16,0230815;-48,0783133;20;6849;;1266;301;153;254;2712;2105;311;98;101;6;4;0;3;2;0;1;0
17;Gama;1112;CEF 08 - CENTRO DE ENSINO FUNDAMENTAL 08 DO GAMA;SETOR SUL;Q 2 PÇ 2 AE CEF 8 ST SUL GAMA;-16,0256532;-48,0739761;12;3926;;801;137;69;114;1500;1177;217;58;64;7;1;1;1;0;0;1;0
17;Gama;1120;CED ENGENHO DAS LAJES - CENTRO EDUCACIONAL ENGENHO DAS LAJES;ENGENHO DAS LAJES;RUA HILÁRIO RIBEIRO ENGENHO DAS LAGES GAMA;-16,0417141;-48,2579623;4;1537;;360;40;10;19;675;373;64;15;16;0;2;0;0;0;1;0;0
17;Gama;1139;CED 07 - CENTRO EDUCACIONAL 07 DO GAMA;SETOR CENTRAL;EQ 15/17 - PRACA  01 LOTE 03;-16,0201056;-48,0648547;13;5007;;1039;177;104;211;1982;1510;195;102;92;3;4;2;0;3;1;0;0
17;Gama;1147;EC 02 - ESCOLA CLASSE 02 DO GAMA;SETOR OESTE;EQ 02/04 AREA ESPECIAL SETOR OESTE;-16,0051606;-48,0720536;13;4483;;889;178;79;133;1822;1300;189;42;80;10;10;0;3;1;0;1;0
17;Gama;1155;EC 10 - ESCOLA CLASSE 10 DO GAMA;SETOR OESTE;EQ 10/21 AREA ESPECIAL SETOR OESTE;-16,0080404;-48,0790609;9;3153;;587;129;78;101;1280;921;143;54;58;6;1;0;1;0;0;0;0
17;Gama;1163;EC 15 - ESCOLA CLASSE 15 DO GAMA;SETOR NORTE;QD 2 CJ E ST NORTE GAMA;-16,0036861;-48,0610004;6;2169;;376;62;42;92;917;614;110;44;39;5;3;0;2;0;0;0;0
17;Gama;1171;EC 29 - ESCOLA CLASSE 29 DO GAMA;SETOR SUL;EQ 13/15 AE SETOR SUL;-16,04037666;-48,05887596;6;2167;;415;87;44;55;880;621;107;28;48;0;1;1;0;0;0;0;0
17;Gama;1180;CED CASA GRANDE - CENTRO EDUCACIONAL CASA GRANDE;PONTE ALTA NORTE;NR CASA GRANDE MOD AGRIC 16 CH 1 NR CASA GRANDE;-15,9637776;-48,0992218;8;3162;;663;76;24;71;1422;765;106;64;53;4;4;1;0;0;0;3;0
17;Gama;1198;CENTRO DE ENSINO ESPECIAL DO GAMA;SETOR CENTRAL;EQ. 55/56 AE 02 SETOR CENTRAL;-16,0146691;-48,0634003;5;1572;;252;51;30;71;618;546;78;26;34;2;2;0;1;0;0;0;0
17;Gama;1210;CEF 05 - CENTRO DE ENSINO FUNDAMENTAL 05 DO GAMA;SETOR OESTE;EQ 26/29 AREA ESPECIAL SETOR OESTE;-16,0157056;-48,0782801;15;4419;;855;161;105;139;1705;1310;198;82;94;3;3;1;3;2;1;0;0
17;Gama;1244;EC 28 - ESCOLA CLASSE 28 DO GAMA;SETOR OESTE;QUADRA A LOTE B VILA RORIZ SETOR OESTE;-16,0072115;-48,0829686;5;1553;;303;48;35;44;600;454;79;16;54;1;1;0;0;1;0;0;0
17;Gama;1287;JI 05 - JARDIM DE INFÂNCIA 05 DO GAMA;SETOR SUL;QUADRA 10 - ÁREA ESPECIAL;-16,0262621;-48,0805622;4;1013;;182;45;23;33;394;306;54;17;15;2;2;0;0;1;0;0;0
17;Gama;1333;EC 01 - ESCOLA CLASSE 01 DO GAMA;SETOR LESTE;EQ 18/21 PR. 2 A.E. S.LESTE;-16,0175889;-48,0547738;16;5226;;969;176;98;131;2214;1532;196;82;88;6;5;1;3;0;0;0;0
17;Gama;1341;EC 21 - ESCOLA CLASSE 21 DO GAMA;SETOR LESTE;E Q 44/45 A.E S.LESTE;-15,9993004;-48,0553804;7;2526;;401;86;38;79;1087;765;114;35;63;5;2;1;1;2;1;0;1
17;Gama;1350;EC 19 - ESCOLA CLASSE 19 DO GAMA;SETOR LESTE;E/Q 30/49 A.E SETOR LESTE;-16,0254371;-48,0509274;9;2730;;491;121;62;86;1168;751;124;37;63;4;2;1;0;0;1;0;1
17;Gama;1368;EC 03 - ESCOLA CLASSE 03 DO GAMA;SETOR LESTE;E/Q 10/15 - AE SETOR LESTE;-16,0143;-48,0512013;10;3366;;633;162;84;103;1412;949;140;53;67;4;0;0;1;0;1;0;0
17;Gama;1376;CEM 01 - CENTRO DE ENSINO MEDIO 01 DO GAMA;SETOR LESTE;E/Q 18/21 AREA ESPECIAL - SETOR LESTE;-16,0184307;-48,0541323;23;7454;;1398;269;149;394;2886;2390;311;207;136;10;7;6;0;1;1;0;1
17;Gama;1384;CED 06 - CENTRO EDUCACIONAL 06 DO GAMA;SETOR LESTE;EQ 02/07 A.E. S.LESTE;-16,0071515;-48,050447;15;4827;;911;195;104;138;1905;1438;216;110;95;9;5;0;1;1;0;0;0
17;Gama;1392;CEF 04 - CENTRO ENSINO FUNDAMENTAL 04 DO GAMA;SETOR LESTE;E Q 29/33  PR 03 A E. SETOR LESTE;-16,0271519;-48,0563521;20;6091;;1166;225;151;192;2444;1829;265;99;105;6;3;0;2;0;1;1;0
17;Gama;1406;EC 14 - ESCOLA CLASSE 14 DO GAMA;SETOR LESTE;E/Q 29/33 AE SETOR LESTE;-16,0268054;-48,0554978;11;3167;;598;122;76;82;1316;889;125;67;72;7;5;0;0;0;0;0;1
17;Gama;1414;CEF 03 - CENTRO DE ENSINO FUNDAMENTAL 03 DO GAMA;SETOR LESTE;E Q 6/11 A. E.S.LESTE;-16,0109028;-48,0506665;15;3867;;770;169;77;130;1475;1185;194;66;59;5;4;0;2;1;0;0;0
17;Gama;1422;UNICEPLAC - CENTRO UNIV. DO PLANALTO CENTRAL APPARECIDO DOS SANTOS;SETOR LESTE;SIGA A.E. 02 SETOR LESTE INDÚSTRIA;-16,0016073;-48,0508405;5;1431;;304;54;22;66;569;396;61;43;22;3;0;1;0;1;0;0;0
17;Gama;1430;PENITENCIÁRIA FEMININA DO DISTRITO FEDERAL - COLMÉIA;SETOR LESTE;SETOR DE CHACÁRAS, N 02, GRANJA LUIZ FERNANDO;-16,0061526;-48,0416782;1;25;;4;0;0;2;8;10;0;2;2;0;0;0;0;0;0;0;0
18;São Sebastião;1015;ESCOLA CLASSE VILA DO BOA;SAO SEBASTIAO;VILA DO BOA SEM NUMERO  SAO SEBASTIAO;-15,8775588;-47,7911219;5;1553;;269;75;24;33;590;524;61;17;35;3;1;0;1;0;2;0;0
18;São Sebastião;1023;CENTRO DE ENSINO FUNDAMENTAL NOVA BETANIA;SAO SEBASTIAO;BR 251  KM 38  NOVA BETANIA;-15,949539;-47,7930611;6;1650;;352;53;23;24;665;459;74;26;33;1;2;2;0;0;0;0;0
18;São Sebastião;1031;ESCOLA CLASSE 303;SAO SEBASTIAO;QD 303 CONJ 01 LOTE 34;-15,9030379;-47,781857;15;5015;;999;177;91;126;1889;1608;139;119;100;4;6;2;2;1;0;3;0
18;São Sebastião;1040;ESCOLA CLASSE VILA NOVA;SAO SEBASTIAO;RUA 31 NUMERO 200 BAIRRO SÃO JOSÉ;-15,9136352;-47,7594305;14;3958;;741;129;66;63;1476;1375;120;60;75;6;4;2;0;0;0;1;0
18;São Sebastião;1058;CENTRO EDUCACIONAL DO LAGO SUL - CEL;LAGO SUL;SHIS QI 09 AREA ESPECIAL;-15,8392345;-47,8763621;13;4203;;888;80;48;125;1791;1118;150;82;74;26;10;3;2;1;1;0;0
18;São Sebastião;1066;CENTRO DE ENSINO FUNDAMENTAL 06 DE BRASÍLIA;LAGO SUL;SHIS QI 15 AREA ESPECIAL 02 - LAGO SUL, BRASÍLIA - DF;-15,8559352;-47,8776066;10;3766;;744;77;46;147;1537;1110;153;88;61;17;5;2;1;0;0;0;0
18;São Sebastião;1074;HEAVENLY INTERNATIONAL SCHOOL;LAGO SUL;SHIS QI 17/19 AREA ESPECIAL S/N LOTE SEMINÁRIO;-15,862479;-47,8659212;10;3478;;567;76;45;162;1419;1109;139;99;62;19;2;3;0;1;0;0;0
18;São Sebastião;1082;ESCOLA CLASSE CERAMICA DA BENCAO;SAO SEBASTIAO;RUA DA GAMELEIRA 331 CENTRO;-15,9044643;-47,7694681;14;4164;;706;112;81;66;1671;1314;161;70;76;9;4;1;1;0;0;0;0
18;São Sebastião;1090;CENTRO DE ENSINO FUNDAMENTAL CERÂMICA SÃO PAULO;SAO SEBASTIAO;RUA 01, LT 101, SETOR TRADICIONAL;-15,8879504;-47,7797027;15;5430;;1129;193;105;135;2027;1706;164;120;94;7;7;2;0;2;0;0;1
18;São Sebastião;1112;ESCOLA CLASSE AGROVILA;SAO SEBASTIAO;QUADRA 100 - CONJ. Q - AREA ESPECIAL N. 01BAIRRO VILA NOVA;-15,9107105;-47,758545;12;3955;;792;103;69;59;1318;1405;155;65;80;2;2;1;0;0;1;1;0
18;São Sebastião;1120;CENTRO EDUCACIONAL SAO JOSE;SAO SEBASTIAO;QUADRA 16 AREA ESPECIAL BAIRRO SAO JOSE;-15,912589;-47,7593836;14;4922;;1002;202;84;102;1817;1589;160;81;99;12;1;2;1;0;0;1;0
18;São Sebastião;1139;CENTRO DE ENSINO MÉDIO 01 - CENTRÃO;SAO SEBASTIAO;QUADRA 202/203 AREA ESPECIAL -RESIDENCIAL OESTE;-15,9012758;-47,7789073;20;6737;;1403;268;117;184;2456;2143;199;183;156;6;5;4;0;0;0;2;0
18;São Sebastião;1147;COLÉGIO PRESBITERIANO MACKENZIE;LAGO SUL;SHIS QI 05 CHACARA 74/79;-15,8504529;-47,896023;26;7419;;1475;146;97;229;3373;1917;307;195;138;47;7;2;2;2;1;0;0
18;São Sebastião;1155;ESCOLA CLASSE 104;SAO SEBASTIAO;QUADRA 104 CJ. 01 LOTE 01 BAIRRO RESIDENCIAL OESTE SAO SEBASTIAO;-15,8965055;-47,7827177;14;4016;;675;129;70;90;1583;1306;166;58;93;3;5;1;1;1;0;1;0
18;São Sebastião;1163;CENTRO EDUCACIONAL DO PAD/DF;ZONA RURAL;BR-251, KM-07, ESTRADA DE UNAI - DF;-16,009817;-47,5567685;11;2012;;464;72;19;8;1010;358;91;18;16;0;2;0;1;0;0;0;0
18;São Sebastião;1171;ESCOLA DAS NACOES;LAGO SUL;SHIS QI 21 AREA ESPECIAL CONJUNTO 01;-15,8532694;-47,850263;24;8041;;1398;201;105;320;3279;2525;374;187;156;51;7;3;1;1;2;3;0
18;São Sebastião;1180;COLÉGIO NOSSA SENHORA DO PERPÉTUO SOCORRO;LAGO SUL;SHIS EQL 06/08 CONJUNTO A1;-15,8426968;-47,8963925;15;3927;;765;79;43;110;1723;1079;175;90;67;31;1;1;0;0;2;1;0
18;São Sebastião;1198;COLEGIO MARIA IMACULADA;LAGO SUL;SHIS QI 05 CHACARA 72;-15,8525922;-47,8984593;7;1699;;343;34;23;39;767;393;77;44;29;12;1;0;0;0;0;1;0
18;São Sebastião;1201;CENTRO DE ENSINO FUNDAMENTAL DO BOSQUE;SAO SEBASTIAO;ÁREA INSTITUCIONAL N 02 RESIDENCIAL DO BOSQUE - SAO SEBASTIAO DF;-15,9051619;-47,7569206;14;4830;;1034;176;74;107;1595;1703;166;82;92;6;3;3;1;1;0;0;0
18;São Sebastião;1210;ESCOLA CLASSE 01 SHI SUL - LAGO SUL;LAGO SUL;SHIS QI 05 CONJUNTO 17 LOTE 15;-15,8479531;-47,8928095;8;1379;;303;36;12;40;563;375;58;24;23;9;0;1;1;0;0;0;0
18;São Sebastião;1244;ESCOLA CLASSE BELA VISTA;SAO SEBASTIAO;RUA 01 LT 221- BAIRRO BELA VISTA;-15,9135067;-47,7548193;8;2533;;488;97;40;37;860;918;91;43;55;0;2;1;0;0;0;0;0
18;São Sebastião;1252;CENTRO EDUCACIONAL SAO BARTOLOMEU;SAO SEBASTIAO;AE QUADRA 02 CONJUNTO 03 LOTE 04;-15,8938264;-47,7785805;16;4842;;1009;213;84;119;1876;1475;145;104;96;3;2;4;2;1;0;0;0
18;São Sebastião;1279;COLÉGIO MODELO DE SÃO SEBASTIÃO;SAO SEBASTIAO;RUA 9 QUADRA 01 CONJUNTO A CHACARA 07 VILA NOVA;-15,9038804;-47,7617301;7;1849;;321;75;26;51;723;566;67;51;61;1;2;0;0;1;0;0;0
18;São Sebastião;1287;CIEIC - CENTRO INTEGRADO IRMAOS CARVALHO;SETOR HABITACIONAL JARDIM BOTANICO;SH ESTRADA DO SOL COND. MANSÕES SERRANA KM 5 CHÁCARA IRMÃOS CARVALHO;-15,8671889;-47,7874045;9;2971;;496;68;37;159;1078;1073;103;77;71;13;3;0;1;2;0;0;0
18;São Sebastião;1295;KINGDOM SCHOOL;LAGO SUL;SHIS QI 11 ÁREA ESPECIAL B, ENTRECONJUNTOS 02 E 04;-15,8339394;-47,870477;7;1882;;359;35;22;38;811;513;73;32;44;7;1;1;0;0;2;5;0
18;São Sebastião;1309;COLÉGIO DOM JOSÉ;LAGO SUL;SHIS QI 26, CJ H, ÁREA ESPECIAL - LAGO SUL, BRASÍLIA-DF;-15,8241347;-47,8067239;11;3220;;557;75;40;132;1262;1067;121;66;79;14;2;2;1;1;0;0;0
18;São Sebastião;1317;CENTRO DE ENSINO FUNDAMENTAL JARDIM II;ZONA RURAL;DF 285 KM 20 NÚCLEO RURAL JARDIM II;-16,0168458;-47,3803729;2;536;;105;30;3;2;305;75;26;2;3;0;0;0;2;0;0;0;0
18;São Sebastião;1341;CENTRO EDUCACIONAL SÃO FRANCISCO - CHICÃO;SAO SEBASTIAO;QUADRA 17, LOTE 100, ÁREA ESPECIAL;-15,9145944;-47,7629296;17;6001;;1169;200;104;156;2202;2025;174;190;148;9;5;1;3;0;2;0;0
18;São Sebastião;1350;CENTRO DE ENSINO FUNDAMENTAL MIGUEL ARCANJO;SAO SEBASTIAO;QD 02, AE 03, BAIRRO SÃO BARTOLOMEU, SÃO SEBASTIÃO, BRASÍLIA - DF;-15,8925879;-47,7813437;8;2832;;611;104;42;94;1007;889;90;85;74;4;7;2;1;0;0;0;0
18;São Sebastião;1368;ESCOLA CLASSE CAFÉ SEM TROCO;ZONA RURAL;DF-130, KM 32, BRASÍLIA - DF;-15,9190517;-47,6053299;7;2300;;521;53;23;16;944;635;90;20;24;2;0;0;0;0;0;0;0
18;São Sebastião;1376;ESCOLA FRANCESA FRANÇOIS MITTERRAND;LAGO SUL;SHIS QI 21 BLOCO D;-15,8554812;-47,8528605;10;3164;;585;76;48;156;1073;1109;124;112;69;23;5;2;0;1;0;0;0
18;São Sebastião;1384;UNIDADE DE INTERNAÇÃO DE SÃO SEBASTIÃO;ZONA RURAL;NÚCLEO RURAL AGUILHADA, BR-251, RA 14 - SÃO SEBASTIÃO/DF;-15,938829;-47,7617312;1;37;;2;7;0;1;6;23;2;0;0;0;0;0;0;0;0;0;0
18;São Sebastião;1392;COMPLEXO PENITENCIÁRIO DA PAPUDA;SAO SEBASTIAO;RODOVIA DF - 465, KM 04, FAZENDA PAPUDA.;-15,9138645;-47,786738;1;154;;17;14;3;3;70;74;6;4;2;0;0;0;0;0;0;0;0
18;São Sebastião;1406;COLÉGIO DIGITAL;SETOR HABITACIONAL JARDIM BOTANICO;PRAÇA DE ATIVIDADES PA 02, LOTE 04, JARDIM MANGUEIRAL;-15,889736;-47,8134257;21;5759;;868;137;80;301;2261;2216;183;166;141;23;9;4;3;3;1;1;1
18;São Sebastião;1414;ESCOLA CLASSE LAMARÃO;ZONA RURAL;BR 251, KM 07, DF 285, VC 441, COLÔNIA AGRÍCOLA LAMARÃO, PARANOÁ;-15,9651523;-47,5010167;1;220;;31;1;0;4;115;50;14;4;1;0;0;0;0;0;0;1;0
18;São Sebastião;1449;CENTRO EDUCACIONAL JARDINS MANGUEIRAL;JARDINS MANGUEIRAL;PA 02, LOTE 06, JARDINS MANGUEIRAL, JARDIM BOTÂNICO/DF;-15,8903363;-47,8122646;18;7074;;925;163;93;320;2790;2588;253;175;151;30;9;2;1;0;2;2;0
18;São Sebastião;1457;INSTITUTO FEDERAL DE BRASÍLIA - IFB SÃO SEBASTIÃO;SAO BARTOLOMEU - São Sebastião;ÁREA ESPECIAL 2, SÃO BARTOLOMEU (SÃO SEBASTIÃO), BRASÍLIA - DF;-15,8910579;-47,7798251;29;6797;;1446;249;142;87;2589;2126;234;84;117;14;1;2;1;1;3;1;0
19;Taguatinga;1015;ESCOLA CLASSE N 27;TAGUATINGA NORTE;ECNF 01/QNF 19     AE;-15,8129134;-48,0683878;13;3671;;682;122;67;158;1490;1133;151;49;75;3;1;1;0;0;0;1;0
19;Taguatinga;1023;ESCOLA CLASSE N 12;TAGUATINGA NORTE;QNH 06 AREA ESPECIAL;-15,80605239;-48,07961741;10;2701;;467;116;46;109;1216;745;98;50;53;4;0;0;1;0;0;0;0
19;Taguatinga;1031;CENTRO DE ENSINO DO SESI;TAGUATINGA NORTE;QNF 24 AREA ESPECIAL S/N;-15,81237546;-48,07258416;16;5324;;952;177;92;295;2231;1529;201;149;117;13;3;4;3;0;0;2;0
19;Taguatinga;1040;ESCOLA CLASSE VICENTE PIRES;TAGUATINGA NORTE;COLÔNIA AGRÍCOLA VICENTE PIRES - AREA ESPECIAL N 01;-15,81314636;-48,01463425;8;2656;;400;68;46;78;1320;688;91;42;46;8;1;0;1;0;0;0;0
19;Taguatinga;1058;ESCOLA CLASSE N 39;TAGUATINGA NORTE;QNC 15 AREA ESPECIAL N 15;-15,82526938;-48,06802546;4;1155;;177;43;24;62;516;349;41;23;18;5;2;0;0;0;0;0;0
19;Taguatinga;1066;ESCOLA CLASSE N 16;TAGUATINGA NORTE;EQNG 06/07 AREA ESPECIAL N 15;-15,79646191;-48,06005963;10;1406;;275;50;20;42;640;346;57;26;31;5;1;0;0;0;0;0;0
19;Taguatinga;1074;COLEGIO JESUS MARIA JOSE;TAGUATINGA NORTE;QNG 40 AREA ESPECIAL 5/6;-15,80389749;-48,0732633;14;4705;;890;165;90;207;2108;1214;166;98;99;8;1;0;1;0;0;0;0
19;Taguatinga;1082;CENTRO DE ENSINO MEDIO TAGUATINGA NORTE;TAGUATINGA NORTE;QNC AREA PARA ESCOLA 01/03;-15,8189997;-48,065801;17;3310;;515;121;60;274;1384;1209;128;126;78;5;5;1;0;0;0;1;0
19;Taguatinga;1090;CENTRO EDUCACIONAL N 4;TAGUATINGA NORTE;EQNG 06/07 AE 20;-15,79554051;-48,05744597;15;5496;;997;172;85;223;2491;1401;198;139;131;9;5;0;0;0;1;1;0
19;Taguatinga;1104;ESCOLA CLASSE N 8;TAGUATINGA NORTE;QNG 12 AREA  ESPECIAL 14;-15,80118723;-48,06543604;15;2071;;367;65;37;89;866;679;61;20;29;0;0;1;0;0;0;0;0
19;Taguatinga;1112;CENTRO DE ENSINO FUNDAMENTAL N 12;TAGUATINGA NORTE;QNG 39 AREA ESPECIAL 03;-15,80361704;-48,07284021;17;3521;;683;142;54;151;1473;1005;146;65;57;6;4;0;1;1;0;0;0
19;Taguatinga;1120;ESCOLA CLASSE N 18;TAGUATINGA NORTE;QND 12 LOTE 41 ÁREA ESPECIAL;-15,8122453;-48,0594679;15;2736;;434;76;47;157;1164;853;101;62;63;3;1;1;2;0;0;0;0
19;Taguatinga;1139;CENTRO DE EDUCAÇÃO INFANTIL Nº 02 (ESCOLA CLASSE Nº 30);TAGUATINGA NORTE;QND 59 ÁREA ESPECIAL Nº 37;-15,80026929;-48,05768684;9;2112;;403;81;28;109;902;584;77;43;46;3;0;2;0;0;1;0;0
19;Taguatinga;1147;FACULDADE PROJECAO;TAGUATINGA NORTE;ÁREA ESPECIAL 4 E 5, SETOR C NORTE (QNC);-15,82077738;-48,0650431;17;5421;;880;144;104;337;2307;1628;195;141;129;13;7;1;2;0;1;0;0
19;Taguatinga;1155;CENTRO ENS MÉDIO EIT;TAGUATINGA NORTE;QNB 01 AE 01 SETOR CENTRAL;-15,8327961;-48,05858955;16;6263;;1112;199;140;390;2594;1863;213;152;151;21;8;0;3;0;0;1;0
19;Taguatinga;1163;ESCOLA CLASSE N 15;TAGUATINGA NORTE;QND 43 LT 23 ÁREA ESPECIAL;-15,80595122;-48,05913524;9;3414;;658;110;60;177;1415;943;127;78;85;8;8;1;1;0;0;0;0
19;Taguatinga;1171;CEF Nº 11;TAGUATINGA NORTE;CND 05 ÁREA ESPECIAL - PRAÇA DO BICALHO;-15,80863323;-48,06337559;15;5686;;1231;187;92;303;2339;1536;186;125;112;11;8;3;2;1;0;1;0
19;Taguatinga;1180;ESCOLA CLASSE N 6;TAGUATINGA NORTE;CNB 12 ÁREA ESPECIAL Nº 01;-15,8197104;-48,0622009;10;2832;;507;79;59;168;1100;928;113;50;61;4;3;1;0;0;0;0;0
19;Taguatinga;1198;CEF Nº 14;TAGUATINGA NORTE;QNB 15 ÁREA ESPECIAL S/ Nº;-15,8190207;-48,0636747;8;2231;;370;82;39;159;905;691;67;84;52;5;2;0;1;0;3;0;0
19;Taguatinga;1201;ESCOLA BILINGUE LIBRAS (ANTIGA ESCOLA CLASSE N 21);TAGUATINGA NORTE;EQNH 01/03 AE S/N;-15,80223191;-48,07680905;9;2711;;541;103;68;113;1207;683;107;34;58;3;3;0;0;2;0;0;1
19;Taguatinga;1228;COLÉGIO KAIRÓS (ANTIGO INSTITUTO EDUCACIONAL SAGARANA;TAGUATINGA NORTE;COLÔNIA AGRÍCOLA VICENTE PIRES RUA 06 CH 255 LT 2/4;-15,80864715;-48,04158605;13;4846;;624;124;57;215;2431;1302;188;92;97;10;4;1;2;1;2;0;0
19;Taguatinga;1236;ESCOLA CLASSE 02;TAGUATINGA NORTE;COLÔNIA AGRÍCOLA VILA SÃO JOSÉ - RUA 11 ÁREA ESPECIAL 01;-15,80046171;-48,0487911;10;3059;;475;79;55;77;1580;720;114;41;39;6;3;1;1;0;1;0;0
19;Taguatinga;1252;COLÉGIO DJ;TAGUATINGA NORTE;COLÔNIA AGRÍCOLA VICENTE PIRES - RUA 08, CHAC. 207, LOTES 02/04;-15,80320934;-48,04178117;15;4504;;670;114;62;108;2344;1030;183;63;106;17;5;0;2;0;0;1;0
19;Taguatinga;1260;COLÉGIO IDEAL ;TAGUATINGA NORTE;ST. G NORTE - ÁREA ESPECIAL 31;-15,79675669;-48,05895183;7;2565;;515;69;53;145;1090;668;71;91;64;2;3;2;0;0;1;1;0
19;Taguatinga;1279;COLÉGIO VITÓRIA RÉGIA UNIDADE 4 (ANTIGO COLÉGIO MAXIMUS);TAGUATINGA NORTE;RUA 06 CH. 276;-15,80934645;-48,02470932;6;2370;;429;89;29;132;1082;583;62;103;49;8;2;2;0;0;0;0;0
19;Taguatinga;1287;COLÉGIO LICEU;TAGUATINGA NORTE;RUA 06 CH 253 LT. A;-15,80853187;-48,03985497;16;6300;;1274;179;97;383;2844;1493;214;194;135;10;7;5;1;0;0;0;0
19;Taguatinga;1295;INSTITUTO EDUCACIONAL MONTESQUIEU;TAGUATINGA NORTE;RUA 10 CH 323/1;-15,79758007;-48,04556748;5;1495;;212;41;35;46;801;328;56;21;33;0;2;1;0;0;0;0;0
19;Taguatinga;1325;COLÉGIO OBJETIVO - RUA 03;TAGUATINGA NORTE;RUA 03 CHÁCARA N 82 LOTE 07/08;-15,81314211;-48,01238655;18;6853;;1243;178;78;248;3220;1688;218;186;145;18;7;1;2;2;0;1;0
19;Taguatinga;1333;COLÉGIO BIANGULO ;COLÔNIA AGRÍCOLA VICENTE PIRES;RUA 07 CHÁCARA 324 LOTE 7/8/9;-15,79613997;-48,04284651;8;3177;;488;92;58;163;1530;798;117;93;76;3;4;0;1;0;2;0;0
19;Taguatinga;1341;COLÉGIO VITÓRIA RÉGIA - UNIDADE 1;TAGUATINGA NORTE;RUA 6 CHÁCARA 274 VICENTE PIRES;-15,80891758;-48,02589453;14;5494;;1030;117;75;189;2727;1240;157;140;91;10;4;4;3;2;0;1;0
20;Ceilândia;1015;ESCOLA CLASSE 52;CEILANDIA SUL;EQNP 32/36;-15,8516172;-48,1212376;14;5084;;985;184;99;269;2055;1498;210;85;101;9;3;2;0;0;0;2;0
20;Ceilândia;1023;CENTRO DE ENSINO MEDIO 04;CEILANDIA SUL;QNN 14  A.E.;-15,8312601;-48,1077397;11;2299;;412;115;50;214;996;719;61;91;46;5;4;0;1;2;1;0;0
20;Ceilândia;1031;CENTRO DE ENSINO FUNDAMENTAL 19;CEILANDIA SUL;EQNN 18/20;-15,8265548;-48,1146334;18;5959;;1175;222;96;293;2536;1629;212;93;126;9;2;0;1;0;1;0;0
20;Ceilândia;1040;ESCOLA CLASSE 24;CEILANDIA SUL;EQNN 20/22 AE B;-15,8315625;-48,1120317;11;3690;;661;147;68;224;1565;1061;144;61;79;3;2;3;0;1;1;0;0
20;Ceilândia;1058;ESCOLA CLASSE 25;CEILANDIA SUL;EQNN 22/24;-15,8351347;-48,1076879;12;4021;;718;141;64;195;1787;1090;174;57;77;5;2;3;1;0;0;0;0
20;Ceilândia;1066;CENTRO DE ENSINO FUNDAMENTAL 11;CEILANDIA SUL;EQNN 24/26;-15,840293;-48,1047481;12;4616;;900;235;71;295;1915;1289;165;105;101;7;2;1;3;1;1;0;0
20;Ceilândia;1074;CENTRO DE ENSINO FUNDAMENTAL 18;CEILANDIA SUL;QNP 10 A.E.;-15,8375451;-48,1154926;16;5732;;1086;214;131;404;2370;1665;217;124;105;5;6;2;1;0;1;1;0
20;Ceilândia;1082;CENTRO DE ENSINO FUNDAMENTAL 33 (ANTIGA E.C. 44);CEILANDIA SUL;QNP 12 A.E.;-15,8398361;-48,1193004;12;4678;;809;178;154;367;1985;1326;176;109;79;3;5;3;2;1;1;0;0
20;Ceilândia;1090;CENTRO DE ENSINO ESPECIAL 01;CEILANDIA SUL;EQNP 10/14;-15,8400227;-48,1136867;10;3652;;701;144;86;248;1502;1004;152;67;78;4;3;0;1;0;0;0;0
20;Ceilândia;1104;CENTRO EDUCACIONAL 06;CEILANDIA SUL;QNP 16  A.E;-15,8443033;-48,1158474;17;4985;;848;218;110;342;2219;1350;195;103;105;9;3;0;2;0;2;0;0
20;Ceilândia;1112;ESCOLA CLASSE 43;CEILANDIA SUL;EQNP 14/18;-15,8441984;-48,1104098;13;4706;;735;189;103;331;2066;1401;198;79;84;5;5;1;1;0;3;1;0
20;Ceilândia;1120;ESCOLA CLASSE 46;CEILANDIA SUL;EQNP 16/20;-15,8464793;-48,1141087;9;3270;;543;134;69;214;1419;960;112;51;74;3;4;2;4;0;2;1;0
20;Ceilândia;1139;ESCOLA CLASSE 47;CEILANDIA SUL;EQNP 22/26;-15,8402935;-48,1246072;14;4871;;948;192;117;282;2007;1385;161;76;103;7;2;1;1;0;0;0;0
20;Ceilândia;1147;ESCOLA CLASSE 50;CEILANDIA SUL;EQNP 24/28;-15,842547;-48,1279935;12;4462;;884;209;87;237;1840;1276;141;73;81;1;2;1;1;0;1;0;2
20;Ceilândia;1155;ESCOLA CLASSE 48;CEILANDIA SUL;EQNP 26/30;-15,8446268;-48,121021;14;3818;;600;137;89;217;1627;1158;161;61;78;3;2;2;2;0;0;0;0
20;Ceilândia;1163;CENTRO DE ENSINO FUNDAMENTAL 14;CEILANDIA SUL;EQNP 28/32;-15,8471556;-48,1246621;15;5734;;1104;249;103;450;2254;1758;189;114;115;4;6;0;0;1;0;0;0
20;Ceilândia;1171;CENTRO DE ENSINO FUNDAMENTAL 13;CEILANDIA SUL;EQNP 30/34;-15,8312817;-48,1074952;14;4896;;934;191;116;310;2066;1375;193;83;106;5;5;0;0;0;0;3;1
20;Ceilândia;1198;CENTRO DE ENSINO FUNDAMENTAL 32 (ANTIGA E.C. 67);CEILANDIA SUL;SHPS - EQ. 500/700 A.E - COND. POR DO SOL;-15,8574678;-48,1240595;5;1926;;417;92;48;107;779;527;46;52;32;3;3;0;1;1;0;0;0
20;Ceilândia;1210;ESCOLA CLASSE JUSCELINO KUBITSCHEK;CEILANDIA SUL;QUADRA 500 ÀREA ESPECIAL 01 TRECHO 01;-15,8332451;-48,1322524;2;608;;128;22;13;23;220;196;19;10;14;2;1;0;0;0;0;0;0
21;Recanto das Emas;1015;ESCOLA CLASSE 501 DE SAMAMBAIA;SAMAMBAIA;QR 501 CONJUNTO 03 LOTE 01;-15,88567404;-48,08651037;13;2943;;483;105;51;93;1400;708;128;56;76;5;1;1;1;0;1;0;0
21;Recanto das Emas;1023;CENTRO DE ENSINO FUNDAMENTAL 405 DO RECANTO DAS EMAS;RECANTO DAS EMAS;QD 405 CONJUNTO 15 LOTE 01 AE;-15,9131634;-48,0657769;12;4677;;1114;178;80;126;1754;1320;163;67;100;1;1;0;0;0;1;0;1
21;Recanto das Emas;1031;CENTRO EDUCACIONAL 104 DO RECANTO DAS EMAS;RECANTO DAS EMAS;QUADRA 104 CONJUNTO 08A ÁREA ESPECIAL;-15,900676;-48,0715821;19;4057;;769;162;71;183;1703;1129;134;88;100;6;4;1;2;0;0;0;0
21;Recanto das Emas;1040;CENTRO DE ENSINO FUNDAMENTAL 306 DO RECANTO DAS EMAS;RECANTO DAS EMAS;QD 306 AVENIDA MONJOLO LOTE 06 AE;-15,91852183;-48,09735479;11;3619;;751;157;84;101;1495;943;160;53;76;5;2;2;3;0;0;0;0
21;Recanto das Emas;1058;CENTRO DE ENSINO FUNDAMENTAL 115 DO RECANTO DAS EMAS;RECANTO DAS EMAS;QUADRA 115 CONJUNTO 7-C LOTE 1 AREA ESPECIAL;-15,9252243;-48,1077815;15;3952;;730;196;84;119;1660;1051;177;72;103;4;5;3;4;0;0;0;1
21;Recanto das Emas;1066;ESCOLA CLASSE 317 DE SAMAMBAIA;SAMAMBAIA;QR 317 AREA ESPECIAL 3 LOTE 11;-15,8910432;-48,1109689;13;1668;;327;85;27;59;743;406;78;22;28;2;1;1;0;0;2;0;0
21;Recanto das Emas;1074;CENTRO DE ENSINO FUNDAMENTAL 507 DE SAMAMBAIA;SAMAMBAIA;QR 507 CONJUNTO 07 LOTE 1;-15,8912382;-48,0977587;13;2580;;561;132;41;85;1078;646;116;42;53;1;1;1;0;0;0;0;0
21;Recanto das Emas;1082;CENTRO DE ENSINO FUNDAMENTAL 504 DE SAMAMBAIA;SAMAMBAIA;QN 504 CONJUNTO 09 AREA ESPECIAL 01;-15,88241995;-48,07833757;15;5840;;1113;219;111;198;2668;1417;235;120;111;4;3;0;3;0;1;0;0
21;Recanto das Emas;1090;ESCOLA CLASSE 803 DO RECANTO DAS EMAS;RECANTO DAS EMAS;QD 803 RECANTO DAS EMAS;-15,9231984;-48,0543789;20;5863;;1184;250;129;129;2323;1722;255;78;92;5;10;2;1;0;0;0;0
21;Recanto das Emas;1104;CENTRO EDUCACIONAL 308 DO RECANTO DAS EMAS;RECANTO DAS EMAS;QD 308 AE 1 CONJUNTO 12;-15,9236699;-48,10091346;13;4412;;856;210;67;138;1775;1183;234;106;105;5;9;2;3;0;0;0;0
21;Recanto das Emas;1112;CENTRO DE ENSINO MÉDIO 111 DO RECANTO DAS EMAS;RECANTO DAS EMAS;QD 111 AE 1;-15,9124563;-48,0986678;15;5411;;1028;245;111;188;2326;1389;235;92;139;4;10;0;3;2;1;1;0
21;Recanto das Emas;1120;ESCOLA CLASSE 102  DO RECANTO DAS EMAS;RECANTO DAS EMAS;QD 102 CONJ 03 A LOTE 01;-15,9018223;-48,0612834;8;3051;;541;109;57;105;1313;822;140;51;78;7;3;1;1;0;2;0;0
21;Recanto das Emas;1139;ESCOLA CLASSE 510 DO RECANTO DAS EMAS / CENTRO DE ENSINO FUNDAMENT 511;RECANTO DAS EMAS;QUADRA 511, CONJUNTO 11, EPC 2;-15,93296452;-48,10633172;12;4145;;957;160;77;112;1515;1221;141;78;84;4;1;1;5;0;2;0;0
21;Recanto das Emas;1147;CENTRO DE ENSINO FUNDAMENTAL 301 DO RECANTO DAS EMAS;RECANTO DAS EMAS;QD 301 AE;-15,90874585;-48,08494867;15;5532;;1075;244;123;187;2319;1479;214;104;137;6;6;0;0;3;0;0;0
21;Recanto das Emas;1155;ESCOLA CLASSE 401 DO RECANTO DAS EMAS;RECANTO DAS EMAS;QD 401 AE CONJUNTO 08 LT 01;-15,908925;-48,056363;14;4958;;929;206;95;162;2119;1373;183;93;88;8;10;0;0;0;0;0;0
21;Recanto das Emas;1163;ESCOLA CLASSE 510 DE SAMAMBAIA;SAMAMBAIA;QN 510 CONJUNTO 07 LOTE 1 AE;-15,88044442;-48,07166951;11;2831;;500;123;49;110;1254;794;130;70;63;4;2;0;0;2;0;0;0
21;Recanto das Emas;1171;CENTRO DE ENSINO FUNDAMENTAL 101 DO RECANTO DAS EMAS;RECANTO DAS EMAS;QD. 101 CONJ. 10B LOTES 1/2 RECANTO DAS EMAS;-15,9006092;-48,0576274;14;5431;;1185;172;76;164;2208;1477;205;109;95;2;4;3;2;1;1;1;0
21;Recanto das Emas;1180;CENTRO DE ENSINO FUNDAMENTAL 106 DO RECANTO DAS EMAS;RECANTO DAS EMAS;QD 106 - ÁREA ESPECIAL;-15,9055142;-48,0818919;14;5395;;1040;189;95;176;2285;1475;236;68;114;4;2;2;3;0;1;0;0
21;Recanto das Emas;1198;CENTRO DE ENSINO FUNDAMENTAL 519 DE SAMAMBAIA;SAMAMBAIA;QR 519 AREA ESPECIAL 1 SAMAMBAIA SUL;-15,8969332;-48,1151229;6;2227;;446;102;57;74;968;549;83;52;50;3;0;1;1;0;0;1;0
21;Recanto das Emas;1201;ESCOLA CLASSE 512 DE SAMAMBAIA;SAMAMBAIA;QN 512 CONJUNTO 06 AE;-15,87883973;-48,06862749;14;5205;;1001;225;113;169;2319;1301;218;84;100;2;5;0;4;3;2;0;0
21;Recanto das Emas;1210;CENTRO DE ENSINO MÉDIO 804 DO RECANTO DAS EMAS;RECANTO DAS EMAS;QD 804 ÁREA ESPECIAL 01;-15,9203784;-48,0581213;20;7733;;1668;325;145;251;3012;2174;313;156;162;6;9;4;1;2;0;2;0
21;Recanto das Emas;1228;CENTRO DE ENSINO FUNDAMENTAL 206 DO RECANTO DAS EMAS;RECANTO DAS EMAS;QD 206 CONJUNTO 02 LOTE 02;-15,9057751;-48,0689622;16;5453;;1225;207;102;187;2199;1442;196;110;106;5;7;0;0;0;0;0;0
21;Recanto das Emas;1244;ESCOLA CLASSE 511 DE SAMAMBAIA;SAMAMBAIA;QR 511 AREA ESPECIAL 02 SAMAMBAIA-DF;-15,890356;-48,1027866;9;2991;;601;144;62;79;1306;754;111;47;64;4;3;1;0;1;0;0;2
21;Recanto das Emas;1252;ESCOLA CLASSE 404 DO RECANTO DAS EMAS;RECANTO DAS EMAS;QD 404 CONJUNTO 09 LOTE 01;-15,9128532;-48,0613392;12;3970;;808;178;81;110;1646;1049;142;82;102;8;2;4;0;0;0;1;0
21;Recanto das Emas;1260;CENTRO DE ENSINO FUNDAMENTAL 113 DO RECANTO DAS EMAS;RECANTO DAS EMAS;QD. 113 CONJ 8-A LOTE 01 AE;-15,9184215;-48,1025673;9;3461;;773;167;58;126;1319;964;134;85;85;0;4;0;2;0;1;0;0
21;Recanto das Emas;1287;CENTRO DE ENSINO FUNDAMENTAL 602 DO RECANTO DAS EMAS;RECANTO DAS EMAS;QUADRA 602 CONJUNTO 01 LOTE 01;-15,9155465;-48,0542602;5;1613;;427;100;29;57;538;440;51;52;36;1;3;2;0;0;0;1;0
21;Recanto das Emas;1295;CENTRO DE ENSINO FUNDAMENTAL 801 DO RECANTO DAS EMAS;RECANTO DAS EMAS;QUADRA 801 ÁREA ESPECIAL CONJUNTO 01;-15,9188007;-48,0521555;6;2006;;417;136;38;102;780;546;71;67;59;1;2;0;0;0;2;0;0
21;Recanto das Emas;1309;ESCOLA CLASSE 203 / REGIONAL DE ENSINO - RECANTO DAS EMAS;RECANTO DAS EMAS;QUADRA 203, LOTE 32;-15,9045978;-48,0648272;10;3006;;625;133;56;102;1302;908;107;49;71;4;5;0;2;0;1;1;0
21;Recanto das Emas;1317;UNIRE - UNIDADE DE INTERNAÇÃO DO RECANTO DAS EMAS;RECANTO DAS EMAS;ESTRADA CONTORNO TAGUATINGA/GAMA KM 03 - GRANJA DAS OLIVEIRAS;-15,8932152;-48,0608895;1;76;;10;6;2;3;5;54;2;0;1;0;0;0;0;0;0;0;0
